-- phpMyAdmin SQL Dump
-- version 4.5.2
-- http://www.phpmyadmin.net
--
-- Host: localhost
-- Generation Time: Jan 20, 2017 at 07:26 AM
-- Server version: 10.1.19-MariaDB
-- PHP Version: 7.0.9

SET SQL_MODE = "NO_AUTO_VALUE_ON_ZERO";
SET time_zone = "+00:00";


/*!40101 SET @OLD_CHARACTER_SET_CLIENT=@@CHARACTER_SET_CLIENT */;
/*!40101 SET @OLD_CHARACTER_SET_RESULTS=@@CHARACTER_SET_RESULTS */;
/*!40101 SET @OLD_COLLATION_CONNECTION=@@COLLATION_CONNECTION */;
/*!40101 SET NAMES utf8mb4 */;

--
-- Database: `paint`
--

-- --------------------------------------------------------

--
-- Table structure for table `brands`
--

CREATE TABLE `brands` (
  `id` int(10) UNSIGNED NOT NULL,
  `brand_name` varchar(255) COLLATE utf8_unicode_ci NOT NULL,
  `brand_detail` varchar(255) COLLATE utf8_unicode_ci NOT NULL,
  `brand_pic` varchar(255) COLLATE utf8_unicode_ci NOT NULL,
  `brand_sort_id` int(11) NOT NULL,
  `created_at` timestamp NULL DEFAULT NULL,
  `updated_at` timestamp NULL DEFAULT NULL
) ENGINE=InnoDB DEFAULT CHARSET=utf8 COLLATE=utf8_unicode_ci;

--
-- Dumping data for table `brands`
--

INSERT INTO `brands` (`id`, `brand_name`, `brand_detail`, `brand_pic`, `brand_sort_id`, `created_at`, `updated_at`) VALUES
(3, 'Berger paints', '', '', 2, NULL, NULL),
(4, 'Nippon Paints', '', '', 3, NULL, NULL),
(5, 'Jotun paints', '', '', 4, NULL, NULL),
(6, 'Brolac Paints', '', '', 5, NULL, NULL),
(7, 'Brighto paints', '', '', 6, NULL, NULL),
(8, 'Master paints', '', '', 7, NULL, NULL),
(9, 'Diamond paints', '', '', 8, NULL, NULL),
(10, 'ICIDulux Paints', '', '', 1, NULL, NULL);

-- --------------------------------------------------------

--
-- Table structure for table `company`
--

CREATE TABLE `company` (
  `id` int(10) UNSIGNED NOT NULL,
  `company_name` varchar(255) COLLATE utf8_unicode_ci NOT NULL,
  `company_about` text COLLATE utf8_unicode_ci NOT NULL,
  `company_logo` varchar(255) COLLATE utf8_unicode_ci NOT NULL DEFAULT 'images/personal/default-p.png',
  `company_cover` varchar(255) COLLATE utf8_unicode_ci NOT NULL DEFAULT 'images/cover/default-p.jpg',
  `company_brand_id` int(10) UNSIGNED DEFAULT NULL,
  `user_id` int(10) UNSIGNED DEFAULT NULL,
  `created_at` timestamp NULL DEFAULT NULL,
  `updated_at` timestamp NULL DEFAULT NULL
) ENGINE=InnoDB DEFAULT CHARSET=utf8 COLLATE=utf8_unicode_ci;

--
-- Dumping data for table `company`
--

INSERT INTO `company` (`id`, `company_name`, `company_about`, `company_logo`, `company_cover`, `company_brand_id`, `user_id`, `created_at`, `updated_at`) VALUES
(1, 'icidulux paints', 'ICI Dulux, a brand by AkzoNobel, is the world’s leading brand of premium quality paint. Drawing on a keen understanding of our markets’ needs and latest technologies, we aim to enrich people’s lives by bringing visual delight and lasting care to their surroundings. ICI Dulux is the pioneer of Tinting Systems in Pakistan under the label of ICI Dulux Colour Solutions which offers over 2,000 shades available over all over Pakistan at designated dealer outlets. ICI Dulux offers a complete interior and exterior painting solution, starting from the initial stage of surface preparation and ending with the last coat of paint of your favourite colour. Colour consistency and quality is our forte and our customers can be confident that the colour they bring home is exactly what they paid for.', 'images/brandslogo/dulux.png', 'images/brandsbanner/dulux.jpg', 10, 2, NULL, NULL),
(2, 'Brighto Paints', 'Brighto Paints', 'images/brandslogo/brighto.png', 'images/brandsbanner/brighto.jpg', 7, 7, NULL, NULL),
(3, 'Berger Paints', 'Berger Paints', 'images/brandslogo/berger.png', 'images/brandsbanner/berger.jpg', 3, 3, NULL, NULL),
(4, 'Nippon Paints', 'Nippon Paints', 'images/brandslogo/nippon.png', 'images/brandsbanner/nippon.jpg', 4, 4, NULL, NULL),
(5, 'Jotun Paints', 'Jotun Paints', 'images/brandslogo/jotun.png', 'images/brandsbanner/jotun.jpg', 5, 5, NULL, NULL),
(6, 'Brolac Paints', 'Brolac Paints', 'images/brandslogo/brolac.png', 'images/brandsbanner/brolac.jpg', 6, 6, NULL, NULL),
(7, 'Master Paints', 'Master Paints', 'images/brandslogo/master.png', 'images/brandsbanner/master.jpg', 8, 8, NULL, NULL),
(8, 'Diamond Paints', 'Diamond Paints', 'images/brandslogo/diamond.png', 'images/brandsbanner/diamond.jpg', 9, 9, NULL, NULL);

-- --------------------------------------------------------

--
-- Table structure for table `migrations`
--

CREATE TABLE `migrations` (
  `id` int(10) UNSIGNED NOT NULL,
  `migration` varchar(255) COLLATE utf8_unicode_ci NOT NULL,
  `batch` int(11) NOT NULL
) ENGINE=InnoDB DEFAULT CHARSET=utf8 COLLATE=utf8_unicode_ci;

--
-- Dumping data for table `migrations`
--

INSERT INTO `migrations` (`id`, `migration`, `batch`) VALUES
(1, '2014_10_12_000000_create_users_table', 1),
(2, '2014_10_12_100000_create_password_resets_table', 1),
(3, '2017_01_07_064511_brands_table', 1),
(4, '2017_01_07_065133_products_table', 1),
(5, '2017_01_07_070241_shades_table', 1),
(6, '2017_01_07_071045_pakinges_table', 1),
(7, '2017_01_13_072105_orders', 2),
(8, '2017_01_13_171417_addUsersField', 2),
(9, '2017_01_14_125716_company', 3),
(10, '2017_01_15_192808_Sharing', 3),
(11, '2017_01_19_033511_servicesquery', 4);

-- --------------------------------------------------------

--
-- Table structure for table `orders`
--

CREATE TABLE `orders` (
  `id` int(10) UNSIGNED NOT NULL,
  `order_rand_id` varchar(255) COLLATE utf8_unicode_ci NOT NULL,
  `shipping_address` varchar(255) COLLATE utf8_unicode_ci NOT NULL,
  `shipping_city` varchar(255) COLLATE utf8_unicode_ci NOT NULL,
  `shipping_email` varchar(255) COLLATE utf8_unicode_ci NOT NULL,
  `shipping_mobile_number` varchar(255) COLLATE utf8_unicode_ci NOT NULL,
  `shipping_state` varchar(255) COLLATE utf8_unicode_ci NOT NULL,
  `unit_price` int(11) NOT NULL,
  `packing_value` varchar(255) COLLATE utf8_unicode_ci NOT NULL,
  `discounted_price` int(11) NOT NULL,
  `name` varchar(255) COLLATE utf8_unicode_ci NOT NULL,
  `comments` varchar(255) COLLATE utf8_unicode_ci NOT NULL,
  `user_id` int(10) UNSIGNED DEFAULT NULL,
  `brand_id` int(10) UNSIGNED NOT NULL,
  `product_id` int(10) UNSIGNED NOT NULL,
  `shade_id` int(10) UNSIGNED NOT NULL,
  `created_at` timestamp NULL DEFAULT NULL,
  `updated_at` timestamp NULL DEFAULT NULL
) ENGINE=InnoDB DEFAULT CHARSET=utf8 COLLATE=utf8_unicode_ci;

-- --------------------------------------------------------

--
-- Table structure for table `pakinges`
--

CREATE TABLE `pakinges` (
  `id` int(10) UNSIGNED NOT NULL,
  `paking_value` varchar(255) COLLATE utf8_unicode_ci NOT NULL,
  `paking_price` varchar(255) COLLATE utf8_unicode_ci NOT NULL,
  `paking_discount_price` varchar(255) COLLATE utf8_unicode_ci DEFAULT NULL,
  `paking_discount_value` varchar(255) COLLATE utf8_unicode_ci DEFAULT NULL,
  `paking_is_discounted` varchar(255) COLLATE utf8_unicode_ci DEFAULT NULL,
  `paking_sort_id` int(11) DEFAULT NULL,
  `brand_id` int(10) UNSIGNED NOT NULL,
  `product_id` int(10) UNSIGNED NOT NULL,
  `shade_id` int(10) UNSIGNED DEFAULT NULL,
  `created_at` timestamp NULL DEFAULT NULL,
  `updated_at` timestamp NULL DEFAULT NULL
) ENGINE=InnoDB DEFAULT CHARSET=utf8 COLLATE=utf8_unicode_ci;

--
-- Dumping data for table `pakinges`
--

INSERT INTO `pakinges` (`id`, `paking_value`, `paking_price`, `paking_discount_price`, `paking_discount_value`, `paking_is_discounted`, `paking_sort_id`, `brand_id`, `product_id`, `shade_id`, `created_at`, `updated_at`) VALUES
(2, '3.64', '2557', '2300', NULL, 'y', NULL, 10, 10, 101, '2017-01-13 06:42:56', '2017-01-13 06:42:56'),
(3, '3.64', '2557', '2300', NULL, 'y', NULL, 10, 10, 102, '2017-01-13 06:43:28', '2017-01-13 06:43:28'),
(4, '3.64', '2557', '2300', NULL, 'y', NULL, 10, 10, 103, '2017-01-13 06:43:49', '2017-01-13 06:43:49'),
(5, '3.64', '2557', '2300', NULL, 'y', NULL, 10, 10, 104, '2017-01-13 06:44:54', '2017-01-13 06:44:54'),
(6, '3.64', '2557', '2300', NULL, 'y', NULL, 10, 10, 105, '2017-01-13 06:45:29', '2017-01-13 06:45:29'),
(7, '3.64', '2557', '2300', NULL, 'y', NULL, 10, 10, 106, '2017-01-13 06:45:52', '2017-01-13 06:45:52'),
(8, '3.64', '2557', '2300', NULL, 'y', NULL, 10, 10, 107, '2017-01-13 06:46:18', '2017-01-13 06:46:18'),
(9, '3.64', '2557', '2300', NULL, 'y', NULL, 10, 10, 108, '2017-01-13 06:46:42', '2017-01-13 06:46:42'),
(10, '3.64', '2557', '2300', NULL, 'y', NULL, 10, 10, 109, '2017-01-13 06:47:16', '2017-01-13 06:47:16'),
(11, '3.64', '2557', '2300', NULL, 'y', NULL, 10, 10, 110, '2017-01-13 06:47:36', '2017-01-13 06:47:36'),
(12, '3.64', '2557', '2300', NULL, 'y', NULL, 10, 10, 111, '2017-01-13 06:48:01', '2017-01-13 06:48:01'),
(13, '3.64', '2557', '2300', NULL, 'y', NULL, 10, 10, 112, '2017-01-13 06:48:31', '2017-01-13 06:48:31'),
(14, '3.64', '2557', '2300', NULL, 'y', NULL, 10, 10, 113, '2017-01-13 06:48:56', '2017-01-13 06:48:56'),
(15, '3.64', '2557', '2300', NULL, 'y', NULL, 10, 10, 114, '2017-01-13 06:49:20', '2017-01-13 06:49:20'),
(16, '3.64', '2557', '2300', NULL, 'y', NULL, 10, 10, 115, '2017-01-13 06:49:45', '2017-01-13 06:49:45'),
(17, '3.64', '2557', '2300', NULL, 'y', NULL, 10, 10, 116, '2017-01-13 06:50:07', '2017-01-13 06:50:07'),
(18, '3.64', '2557', '2300', NULL, 'y', NULL, 10, 10, 117, '2017-01-13 06:50:30', '2017-01-13 06:50:30'),
(19, '3.64', '2557', '2300', NULL, 'y', NULL, 10, 10, 118, '2017-01-13 06:50:49', '2017-01-13 06:50:49'),
(20, '3.64', '2557', '2300', NULL, 'y', NULL, 10, 10, 119, '2017-01-13 06:51:18', '2017-01-13 06:51:18'),
(21, '3.64', '2557', '2300', NULL, 'y', NULL, 10, 10, 120, '2017-01-13 06:51:40', '2017-01-13 06:51:40'),
(22, '3.64', '2557', '2300', NULL, 'y', NULL, 10, 10, 121, '2017-01-13 06:52:00', '2017-01-13 06:52:00'),
(23, '3.64', '2557', '2300', NULL, 'y', NULL, 10, 10, 122, '2017-01-13 06:52:21', '2017-01-13 06:52:21'),
(24, '3.64', '2557', '2300', NULL, 'y', NULL, 10, 10, 123, '2017-01-13 06:52:50', '2017-01-13 06:52:50'),
(25, '3.64', '2557', '2300', NULL, 'y', NULL, 10, 10, 124, '2017-01-13 06:53:15', '2017-01-13 06:53:15'),
(26, '3.64', '2557', '2300', NULL, 'y', NULL, 10, 10, 125, '2017-01-13 06:53:37', '2017-01-13 06:53:37'),
(27, '3.64', '2557', '2300', NULL, 'y', NULL, 10, 10, 126, '2017-01-13 06:54:03', '2017-01-13 06:54:03'),
(28, '3.64', '2557', '2300', NULL, 'y', NULL, 10, 10, 127, '2017-01-13 06:54:30', '2017-01-13 06:54:30'),
(29, '3.64', '2557', '2300', NULL, 'y', NULL, 10, 10, 128, '2017-01-13 06:54:59', '2017-01-13 06:54:59'),
(30, '3.64', '2557', '2300', NULL, 'y', NULL, 10, 10, 129, '2017-01-13 06:55:30', '2017-01-13 06:55:30'),
(31, '3.64', '2557', '2300', NULL, 'y', NULL, 10, 10, 130, '2017-01-13 06:56:05', '2017-01-13 06:56:05'),
(32, '3.64', '2557', '2300', NULL, 'y', NULL, 10, 10, 131, '2017-01-13 06:56:46', '2017-01-13 06:56:46'),
(33, '3.64', '2557', '2300', NULL, 'y', NULL, 10, 10, 132, '2017-01-13 06:57:17', '2017-01-13 06:57:17'),
(34, '3.64', '2557', '2300', NULL, 'y', NULL, 10, 10, 133, '2017-01-13 06:57:56', '2017-01-13 06:57:56'),
(35, '3.64', '2557', '2300', NULL, 'y', NULL, 10, 10, 134, '2017-01-13 06:58:26', '2017-01-13 06:58:26'),
(36, '3.64', '2557', '2300', NULL, 'y', NULL, 10, 10, 135, '2017-01-13 06:59:00', '2017-01-13 06:59:00'),
(37, '3.64', '2557', '2300', NULL, 'y', NULL, 10, 10, 136, '2017-01-13 06:59:48', '2017-01-13 06:59:48'),
(38, '3.64', '2557', '2300', NULL, 'y', NULL, 10, 10, 137, '2017-01-13 07:00:13', '2017-01-13 07:00:13'),
(39, '3.64', '2557', '2300', NULL, 'y', NULL, 10, 10, 138, '2017-01-13 07:00:44', '2017-01-13 07:00:44'),
(40, '3.64', '2557', '2300', NULL, 'y', NULL, 10, 10, 139, '2017-01-13 07:01:08', '2017-01-13 07:01:08'),
(41, '3.64', '2557', '2300', NULL, 'y', NULL, 10, 10, 140, '2017-01-13 07:01:36', '2017-01-13 07:01:36'),
(42, '3.64', '2557', '2300', NULL, 'y', NULL, 10, 10, 141, '2017-01-13 07:02:03', '2017-01-13 07:02:03'),
(43, '3.64', '2557', '2300', NULL, 'y', NULL, 10, 10, 142, '2017-01-13 07:02:41', '2017-01-13 07:02:41'),
(44, '3.64', '2557', '2300', NULL, 'y', NULL, 10, 10, 143, '2017-01-13 07:03:03', '2017-01-13 07:03:03'),
(45, '3.64', '2557', '2300', NULL, 'y', NULL, 10, 10, 144, '2017-01-13 07:03:30', '2017-01-13 07:03:30'),
(46, '3.64', '2557', '2300', NULL, 'y', NULL, 10, 10, 145, '2017-01-13 07:03:52', '2017-01-13 07:03:52'),
(47, '3.64', '2557', '2300', NULL, 'y', NULL, 10, 10, 146, '2017-01-13 07:04:26', '2017-01-13 07:04:26'),
(48, '3.64', '2557', '2300', NULL, 'y', NULL, 10, 10, 147, '2017-01-13 07:07:51', '2017-01-13 07:07:51'),
(49, '3.64', '2557', '2300', NULL, 'y', NULL, 10, 10, 148, '2017-01-13 07:08:22', '2017-01-13 07:08:22'),
(50, '3.64', '2557', '2300', NULL, 'y', NULL, 10, 10, 149, '2017-01-13 07:08:48', '2017-01-13 07:08:48'),
(51, '3.64', '2557', '2300', NULL, 'y', NULL, 10, 10, 150, '2017-01-13 07:09:31', '2017-01-13 07:09:31'),
(52, '3.64', '2557', '2300', NULL, 'y', NULL, 10, 10, 151, '2017-01-13 07:09:57', '2017-01-13 07:09:57'),
(53, '3.64', '2557', '2300', NULL, 'y', NULL, 10, 10, 152, '2017-01-13 07:10:26', '2017-01-13 07:10:26'),
(54, '3.64', '2557', '2300', NULL, 'y', NULL, 10, 10, 153, '2017-01-13 07:10:56', '2017-01-13 07:10:56'),
(55, '3.64', '2557', '2300', NULL, 'y', NULL, 10, 10, 154, '2017-01-13 07:11:29', '2017-01-13 07:11:29'),
(56, '3.64', '2557', '2300', NULL, 'y', NULL, 10, 10, 155, '2017-01-13 07:12:53', '2017-01-13 07:12:53'),
(57, '3.64', '2557', '2300', NULL, 'y', NULL, 10, 10, 156, '2017-01-13 07:14:05', '2017-01-13 07:14:05'),
(58, '3.64', '2557', '2300', NULL, 'y', NULL, 10, 10, 157, '2017-01-13 07:14:43', '2017-01-13 07:14:43'),
(59, '3.64', '2557', '2300', NULL, 'y', NULL, 10, 10, 158, '2017-01-13 07:15:19', '2017-01-13 07:15:19'),
(60, '3.64', '2557', '2300', NULL, 'y', NULL, 10, 10, 159, '2017-01-13 07:15:56', '2017-01-13 07:15:56'),
(61, '3.64', '2557', '2300', NULL, 'y', NULL, 10, 10, 160, '2017-01-13 07:16:19', '2017-01-13 07:16:19'),
(62, '3.64', '2138', '1900', NULL, 'y', NULL, 10, 11, 3, '2017-01-13 07:20:45', '2017-01-13 07:20:45'),
(63, '3.64', '2138', '1900', NULL, 'y', NULL, 10, 11, 4, '2017-01-13 07:21:22', '2017-01-13 07:21:22'),
(64, '3.64', '2138', '1900', NULL, 'y', NULL, 10, 11, 5, '2017-01-13 07:21:46', '2017-01-13 07:21:46'),
(65, '3.64', '2138', '1900', NULL, 'y', NULL, 10, 11, 6, '2017-01-13 07:22:18', '2017-01-13 07:22:18'),
(66, '3.64', '2138', '1900', NULL, 'y', NULL, 10, 11, 7, '2017-01-13 07:22:59', '2017-01-13 07:22:59'),
(67, '3.64', '2138', '1900', NULL, 'y', NULL, 10, 11, 8, '2017-01-13 07:23:24', '2017-01-13 07:23:24'),
(68, '3.64', '2138', '1900', NULL, 'y', NULL, 10, 11, 9, '2017-01-13 07:23:52', '2017-01-13 07:23:52'),
(69, '3.64', '2138', '1900', NULL, 'y', NULL, 10, 11, 10, '2017-01-13 07:24:31', '2017-01-13 07:24:31'),
(70, '3.64', '2138', '1900', NULL, 'y', NULL, 10, 11, 11, '2017-01-13 07:24:56', '2017-01-13 07:24:56'),
(71, '3.64', '2138', '1900', NULL, 'y', NULL, 10, 11, 12, '2017-01-13 07:25:28', '2017-01-13 07:25:28'),
(72, '3.64', '2138', '1900', NULL, 'y', NULL, 10, 11, 13, '2017-01-13 07:26:04', '2017-01-13 07:26:04'),
(73, '3.64', '2138', '1900', NULL, 'y', NULL, 10, 11, 14, '2017-01-13 07:26:35', '2017-01-13 07:26:35'),
(74, '3.64', '2138', '1900', NULL, 'y', NULL, 10, 11, 15, '2017-01-13 07:27:19', '2017-01-13 07:27:19'),
(75, '3.64', '2138', '1900', NULL, 'y', NULL, 10, 11, 16, '2017-01-13 07:27:48', '2017-01-13 07:27:48'),
(76, '3.64', '2138', '1900', NULL, 'y', NULL, 10, 11, 17, '2017-01-13 07:28:13', '2017-01-13 07:28:13'),
(77, '3.64', '2138', '1900', NULL, 'y', NULL, 10, 11, 18, '2017-01-13 07:28:40', '2017-01-13 07:28:40'),
(78, '3.64', '2138', '1900', NULL, 'y', NULL, 10, 11, 19, '2017-01-13 07:29:07', '2017-01-13 07:29:07'),
(79, '3.64', '2138', '1900', NULL, 'y', NULL, 10, 11, 20, '2017-01-13 07:29:32', '2017-01-13 07:29:32'),
(80, '3.64', '2138', '1900', NULL, 'y', NULL, 10, 11, 21, '2017-01-13 07:30:01', '2017-01-13 07:30:01'),
(81, '3.64', '2138', '1900', NULL, 'y', NULL, 10, 11, 22, '2017-01-13 07:30:24', '2017-01-13 07:30:24'),
(82, '3.64', '2138', '1900', NULL, 'y', NULL, 10, 11, 23, '2017-01-13 07:30:51', '2017-01-13 07:30:51'),
(83, '3.64', '2138', '1900', NULL, 'y', NULL, 10, 11, 24, '2017-01-13 07:31:17', '2017-01-13 07:31:17'),
(84, '3.64', '2138', '1900', NULL, 'y', NULL, 10, 11, 25, '2017-01-13 07:31:44', '2017-01-13 07:31:44'),
(85, '3.64', '2138', '1900', NULL, 'y', NULL, 10, 11, 26, '2017-01-13 07:32:19', '2017-01-13 07:32:19'),
(86, '3.64', '2138', '1900', NULL, 'y', NULL, 10, 11, 27, '2017-01-13 07:33:02', '2017-01-13 07:33:02'),
(87, '3.64', '2138', '1900', NULL, 'y', NULL, 10, 11, 28, '2017-01-13 07:33:31', '2017-01-13 07:33:31'),
(88, '3.64', '2138', '1900', NULL, 'y', NULL, 10, 11, 29, '2017-01-13 07:33:56', '2017-01-13 07:33:56'),
(89, '3.64', '2138', '1900', NULL, 'y', NULL, 10, 11, 30, '2017-01-13 07:34:27', '2017-01-13 07:34:27'),
(90, '3.64', '2138', '1900', NULL, 'y', NULL, 10, 11, 31, '2017-01-13 07:34:57', '2017-01-13 07:34:57'),
(91, '3.64', '2138', '1900', NULL, 'y', NULL, 10, 11, 32, '2017-01-13 07:35:19', '2017-01-13 07:35:19'),
(92, '4', '2459', '2210', NULL, 'y', NULL, 10, 8, 53, '2017-01-13 07:45:02', '2017-01-13 07:45:02'),
(93, '4', '2459', '2210', NULL, 'y', NULL, 10, 8, 54, '2017-01-13 07:45:55', '2017-01-13 07:45:55'),
(94, '4', '2459', '2210', NULL, 'y', NULL, 10, 8, 55, '2017-01-13 07:46:26', '2017-01-13 07:46:26'),
(95, '4', '2459', '2210', NULL, 'y', NULL, 10, 8, 56, '2017-01-13 07:46:53', '2017-01-13 07:46:53'),
(96, '4', '2459', '2210', NULL, 'y', NULL, 10, 8, 57, '2017-01-13 07:47:29', '2017-01-13 07:47:29'),
(97, '4', '2459', '2210', NULL, 'y', NULL, 10, 8, 58, '2017-01-13 07:47:57', '2017-01-13 07:47:57'),
(98, '4', '2459', '2210', NULL, 'y', NULL, 10, 8, 59, '2017-01-13 07:48:24', '2017-01-13 07:48:24'),
(99, '4', '2459', '2210', NULL, 'y', NULL, 10, 8, 60, '2017-01-13 07:48:58', '2017-01-13 07:48:58'),
(100, '4', '2459', '2210', NULL, 'y', NULL, 10, 8, 61, '2017-01-13 07:49:26', '2017-01-13 07:49:26'),
(101, '4', '2459', '2210', NULL, 'y', NULL, 10, 8, 62, '2017-01-13 07:49:53', '2017-01-13 07:49:53'),
(102, '4', '2459', '2210', NULL, 'y', NULL, 10, 8, 63, '2017-01-13 07:50:22', '2017-01-13 07:50:22'),
(103, '4', '2459', '2210', NULL, 'y', NULL, 10, 8, 64, '2017-01-13 07:50:58', '2017-01-13 07:50:58'),
(104, '4', '2459', '2210', NULL, 'y', NULL, 10, 8, 65, '2017-01-13 07:51:43', '2017-01-13 07:51:43'),
(105, '4', '2459', '2210', NULL, 'y', NULL, 10, 8, 66, '2017-01-13 07:52:07', '2017-01-13 07:52:07'),
(106, '4', '2459', '2210', NULL, 'y', NULL, 10, 8, 67, '2017-01-13 07:52:43', '2017-01-13 07:52:43'),
(107, '4', '2459', '2210', NULL, 'y', NULL, 10, 8, 68, '2017-01-13 07:53:11', '2017-01-13 07:53:11'),
(108, '4', '2459', '2210', NULL, 'y', NULL, 10, 8, 69, '2017-01-13 07:53:42', '2017-01-13 07:53:42'),
(109, '4', '2459', '2210', NULL, 'y', NULL, 10, 8, 70, '2017-01-13 07:54:06', '2017-01-13 07:54:06'),
(110, '4', '2459', '2210', NULL, 'y', NULL, 10, 8, 71, '2017-01-13 07:54:40', '2017-01-13 07:54:40'),
(111, '4', '2459', '2210', NULL, 'y', NULL, 10, 8, 72, '2017-01-13 07:55:08', '2017-01-13 07:55:08'),
(112, '4', '2459', '2210', NULL, 'y', NULL, 10, 8, 73, '2017-01-13 07:55:41', '2017-01-13 07:55:41'),
(113, '4', '2459', '2210', NULL, 'y', NULL, 10, 8, 74, '2017-01-13 07:56:08', '2017-01-13 07:56:08'),
(114, '4', '2459', '2210', NULL, 'y', NULL, 10, 8, 75, '2017-01-13 07:56:37', '2017-01-13 07:56:37'),
(115, '4', '2459', '2210', NULL, 'y', NULL, 10, 8, 76, '2017-01-13 07:57:16', '2017-01-13 07:57:16'),
(116, '4', '2459', '2210', NULL, 'y', NULL, 10, 8, 77, '2017-01-13 07:57:42', '2017-01-13 07:57:42'),
(117, '4', '2459', '2210', NULL, 'y', NULL, 10, 8, 78, '2017-01-13 07:58:09', '2017-01-13 07:58:09'),
(118, '4', '2459', '2210', NULL, 'y', NULL, 10, 8, 79, '2017-01-13 07:58:35', '2017-01-13 07:58:35'),
(119, '4', '2459', '2210', NULL, 'y', NULL, 10, 8, 80, '2017-01-13 07:59:08', '2017-01-13 07:59:08'),
(120, '4', '2459', '2210', NULL, 'y', NULL, 10, 8, 81, '2017-01-13 07:59:35', '2017-01-13 07:59:35'),
(121, '4', '2459', '2210', NULL, 'y', NULL, 10, 8, 82, '2017-01-13 08:00:14', '2017-01-13 08:00:14'),
(122, '4', '2459', '2210', NULL, 'y', NULL, 10, 8, 83, '2017-01-13 08:00:47', '2017-01-13 08:00:47'),
(123, '4', '2459', '2210', NULL, 'y', NULL, 10, 8, 84, '2017-01-13 08:01:20', '2017-01-13 08:01:20'),
(124, '4', '2459', '2210', NULL, 'y', NULL, 10, 8, 85, '2017-01-13 08:01:45', '2017-01-13 08:01:45'),
(125, '4', '2459', '2210', NULL, 'y', NULL, 10, 8, 86, '2017-01-13 08:02:27', '2017-01-13 08:02:27'),
(126, '4', '2459', '2210', NULL, 'y', NULL, 10, 8, 87, '2017-01-13 08:03:04', '2017-01-13 08:03:04'),
(127, '4', '2459', '2210', NULL, 'y', NULL, 10, 8, 88, '2017-01-13 08:03:30', '2017-01-13 08:03:30'),
(128, '4', '2459', '2210', NULL, 'y', NULL, 10, 8, 89, '2017-01-13 08:04:44', '2017-01-13 08:04:44'),
(129, '4', '2459', '2210', NULL, 'y', NULL, 10, 8, 90, '2017-01-13 08:05:08', '2017-01-13 08:05:08'),
(130, '4', '2459', '2210', NULL, 'y', NULL, 10, 8, 91, '2017-01-13 08:05:31', '2017-01-13 08:05:31'),
(131, '4', '2459', '2210', NULL, 'y', NULL, 10, 8, 92, '2017-01-13 08:06:02', '2017-01-13 08:06:02'),
(132, '4', '2459', '2210', NULL, 'y', NULL, 10, 8, 93, '2017-01-13 08:06:49', '2017-01-13 08:06:49'),
(133, '4', '2459', '2210', NULL, 'y', NULL, 10, 8, 94, '2017-01-13 08:07:23', '2017-01-13 08:07:23'),
(134, '4', '2459', '2210', NULL, 'y', NULL, 10, 8, 95, '2017-01-13 08:08:00', '2017-01-13 08:08:00'),
(135, '4', '2459', '2210', NULL, 'y', NULL, 10, 8, 96, '2017-01-13 08:08:27', '2017-01-13 08:08:27'),
(136, '4', '2459', '2210', NULL, 'y', NULL, 10, 8, 97, '2017-01-13 08:09:06', '2017-01-13 08:09:06'),
(137, '4', '2459', '2210', NULL, 'y', NULL, 10, 8, 98, '2017-01-13 08:09:33', '2017-01-13 08:09:33'),
(138, '4', '2459', '2210', NULL, 'y', NULL, 10, 8, 99, '2017-01-13 08:10:01', '2017-01-13 08:10:01'),
(139, '4', '2459', '2210', NULL, 'y', NULL, 10, 8, 100, '2017-01-13 08:10:37', '2017-01-13 08:10:37'),
(140, '4', '2754', '2500', NULL, 'y', NULL, 10, 7, 33, '2017-01-14 03:57:05', '2017-01-14 03:57:05'),
(141, '4', '2754', '2500', NULL, 'y', NULL, 10, 7, 34, '2017-01-14 03:57:31', '2017-01-14 03:57:31'),
(142, '4', '2754', '2500', NULL, 'y', NULL, 10, 7, 35, '2017-01-14 03:57:57', '2017-01-14 03:57:57'),
(143, '4', '2754', '2500', NULL, 'y', NULL, 10, 7, 36, '2017-01-14 03:58:21', '2017-01-14 03:58:21'),
(144, '4', '2754', '2500', NULL, 'y', NULL, 10, 7, 37, '2017-01-14 03:58:49', '2017-01-14 03:58:49'),
(145, '4', '2754', '2500', NULL, 'y', NULL, 10, 7, 38, '2017-01-14 03:59:23', '2017-01-14 03:59:23'),
(146, '4', '2754', '2500', NULL, 'y', NULL, 10, 7, 39, '2017-01-14 03:59:51', '2017-01-14 03:59:51'),
(147, '4', '2754', '2500', NULL, 'y', NULL, 10, 7, 40, '2017-01-14 04:00:17', '2017-01-14 04:00:17'),
(148, '4', '2754', '2500', NULL, 'y', NULL, 10, 7, 41, '2017-01-14 04:00:43', '2017-01-14 04:00:43'),
(149, '4', '2754', '2500', NULL, 'y', NULL, 10, 7, 42, '2017-01-14 04:01:08', '2017-01-14 04:01:08'),
(150, '4', '2754', '2500', NULL, 'y', NULL, 10, 7, 43, '2017-01-14 04:01:36', '2017-01-14 04:01:36'),
(151, '4', '2754', '2500', NULL, 'y', NULL, 10, 7, 44, '2017-01-14 04:01:58', '2017-01-14 04:01:58'),
(152, '4', '2754', '2500', NULL, 'y', NULL, 10, 7, 45, '2017-01-14 04:02:25', '2017-01-14 04:02:25'),
(153, '4', '2754', '2500', NULL, 'y', NULL, 10, 7, 46, '2017-01-14 04:02:51', '2017-01-14 04:02:51'),
(154, '4', '2754', '2500', NULL, 'y', NULL, 10, 7, 47, '2017-01-14 04:03:15', '2017-01-14 04:03:15'),
(155, '4', '2754', '2500', NULL, 'y', NULL, 10, 7, 48, '2017-01-14 04:03:39', '2017-01-14 04:03:39'),
(156, '4', '2754', '2500', NULL, 'y', NULL, 10, 7, 49, '2017-01-14 04:04:10', '2017-01-14 04:04:10'),
(157, '4', '2754', '2500', NULL, 'y', NULL, 10, 7, 50, '2017-01-14 04:05:15', '2017-01-14 04:05:15'),
(158, '4', '2754', '2500', NULL, 'y', NULL, 10, 7, 51, '2017-01-14 04:05:38', '2017-01-14 04:05:38'),
(159, '4', '2754', '2500', NULL, 'y', NULL, 10, 7, 52, '2017-01-14 04:06:03', '2017-01-14 04:06:03'),
(160, '0.91', '703', '635', NULL, 'y', NULL, 10, 10, 101, '2017-01-14 05:09:12', '2017-01-14 05:09:12'),
(161, '0.91', '703', '635', NULL, 'y', NULL, 10, 10, 102, '2017-01-14 05:09:40', '2017-01-14 05:09:40'),
(162, '0.91', '703', '635', NULL, 'y', NULL, 10, 10, 103, '2017-01-14 05:10:04', '2017-01-14 05:10:04'),
(163, '0.91', '703', '635', NULL, 'y', NULL, 10, 10, 104, '2017-01-14 05:10:28', '2017-01-14 05:10:28'),
(165, '0.91', '703', '635', NULL, 'y', NULL, 10, 10, 107, '2017-01-14 05:33:35', '2017-01-14 05:33:35'),
(166, '0.91', '703', '635', NULL, 'y', NULL, 10, 10, 108, '2017-01-14 05:34:09', '2017-01-14 05:34:09'),
(167, '0.91', '703', '635', NULL, 'y', NULL, 10, 10, 109, '2017-01-14 05:34:54', '2017-01-14 05:34:54'),
(168, '0.91', '703', '635', NULL, 'y', NULL, 10, 10, 110, '2017-01-14 05:35:28', '2017-01-14 05:35:28'),
(169, '0.91', '703', '635', NULL, 'y', NULL, 10, 10, 113, '2017-01-14 05:36:25', '2017-01-14 05:36:25'),
(170, '0.91', '703', '635', NULL, 'y', NULL, 10, 10, 114, '2017-01-14 05:36:50', '2017-01-14 05:36:50'),
(171, '0.91', '703', '635', NULL, 'y', NULL, 10, 10, 115, '2017-01-14 05:37:15', '2017-01-14 05:37:15'),
(172, '0.91', '703', '635', NULL, 'y', NULL, 10, 10, 116, '2017-01-14 05:37:40', '2017-01-14 05:37:40'),
(173, '0.91', '703', '635', NULL, 'y', NULL, 10, 10, 119, '2017-01-14 05:38:11', '2017-01-14 05:38:11'),
(174, '0.91', '703', '635', NULL, 'y', NULL, 10, 10, 120, '2017-01-14 05:38:35', '2017-01-14 05:38:35'),
(175, '0.91', '703', '635', NULL, 'y', NULL, 10, 10, 121, '2017-01-14 05:39:02', '2017-01-14 05:39:02'),
(176, '0.91', '703', '635', NULL, 'y', NULL, 10, 10, 122, '2017-01-14 05:40:25', '2017-01-14 05:40:25'),
(178, '0.91', '703', '635', NULL, 'y', NULL, 10, 10, 125, '2017-01-14 05:42:45', '2017-01-14 05:42:45'),
(179, '0.91', '703', '635', NULL, 'y', NULL, 10, 10, 126, '2017-01-14 05:43:30', '2017-01-14 05:43:30'),
(180, '0.91', '703', '635', NULL, 'y', NULL, 10, 10, 127, '2017-01-14 05:43:57', '2017-01-14 05:43:57'),
(181, '0.91', '703', '635', NULL, 'y', NULL, 10, 10, 128, '2017-01-14 05:44:23', '2017-01-14 05:44:23'),
(182, '0.91', '703', '635', NULL, 'y', NULL, 10, 10, 134, '2017-01-14 05:45:17', '2017-01-14 05:45:17'),
(183, '0.91', '703', '635', NULL, 'y', NULL, 10, 10, 135, '2017-01-14 05:45:42', '2017-01-14 05:45:42'),
(184, '0.91', '703', '635', NULL, 'y', NULL, 10, 10, 136, '2017-01-14 05:46:30', '2017-01-14 05:46:30'),
(185, '0.91', '703', '635', NULL, 'y', NULL, 10, 10, 137, '2017-01-14 05:46:58', '2017-01-14 05:46:58'),
(186, '0.91', '703', '635', NULL, 'y', NULL, 10, 10, 140, '2017-01-14 05:47:31', '2017-01-14 05:47:31'),
(187, '0.91', '703', '635', NULL, 'y', NULL, 10, 10, 141, '2017-01-14 05:48:05', '2017-01-14 05:48:05'),
(188, '0.91', '703', '635', NULL, 'y', NULL, 10, 10, 142, '2017-01-14 05:48:31', '2017-01-14 05:48:31'),
(189, '0.91', '703', '635', NULL, 'y', NULL, 10, 10, 143, '2017-01-14 05:49:03', '2017-01-14 05:49:03'),
(190, '0.91', '703', '635', NULL, 'y', NULL, 10, 10, 146, '2017-01-14 05:49:43', '2017-01-14 05:49:43'),
(191, '0.91', '703', '635', NULL, 'y', NULL, 10, 10, 147, '2017-01-14 05:50:17', '2017-01-14 05:50:17'),
(192, '0.91', '703', '635', NULL, 'y', NULL, 10, 10, 148, '2017-01-14 05:50:51', '2017-01-14 05:50:51'),
(193, '0.91', '703', '635', NULL, 'y', NULL, 10, 10, 149, '2017-01-14 05:51:29', '2017-01-14 05:51:29'),
(194, '0.91', '703', '635', NULL, 'y', NULL, 10, 10, 152, '2017-01-14 05:52:25', '2017-01-14 05:52:25'),
(195, '0.91', '703', '635', NULL, 'y', NULL, 10, 10, 153, '2017-01-14 05:52:59', '2017-01-14 05:52:59'),
(196, '0.91', '703', '635', NULL, 'y', NULL, 10, 10, 154, '2017-01-14 05:53:36', '2017-01-14 05:53:36'),
(197, '0.91', '703', '635', NULL, 'y', NULL, 10, 10, 155, '2017-01-14 05:54:02', '2017-01-14 05:54:02'),
(198, '0.91', '703', '635', NULL, 'y', NULL, 10, 10, 158, '2017-01-14 05:54:27', '2017-01-14 05:54:27'),
(199, '0.91', '703', '635', NULL, 'y', NULL, 10, 10, 159, '2017-01-14 05:55:08', '2017-01-14 05:55:08'),
(200, '0.91', '703', '635', NULL, 'y', NULL, 10, 10, 160, '2017-01-14 05:55:33', '2017-01-14 05:55:33'),
(201, '0.91', '588', '540', NULL, 'y', NULL, 3, 11, 3, '2017-01-14 06:48:25', '2017-01-14 06:48:25'),
(202, '0.91', '588', '540', NULL, 'y', NULL, 10, 11, 4, '2017-01-14 06:49:02', '2017-01-14 06:49:02'),
(203, '0.91', '588', '540', NULL, 'y', NULL, 10, 11, 5, '2017-01-14 06:49:36', '2017-01-14 06:49:36'),
(204, '0.91', '588', '540', NULL, 'y', NULL, 10, 11, 6, '2017-01-14 06:50:17', '2017-01-14 06:50:17'),
(205, '0.91', '588', '540', NULL, 'y', NULL, 10, 11, 7, '2017-01-14 06:50:40', '2017-01-14 06:50:40'),
(206, '0.91', '588', '540', NULL, 'y', NULL, 10, 11, 8, '2017-01-14 06:51:09', '2017-01-14 06:51:09'),
(207, '0.91', '588', '540', NULL, 'y', NULL, 10, 11, 9, '2017-01-14 06:51:40', '2017-01-14 06:51:40'),
(208, '0.91', '588', '540', NULL, 'y', NULL, 10, 11, 10, '2017-01-14 06:52:02', '2017-01-14 06:52:02'),
(209, '0.91', '588', '540', NULL, 'y', NULL, 10, 11, 11, '2017-01-14 06:52:30', '2017-01-14 06:52:30'),
(210, '0.91', '588', '540', NULL, 'y', NULL, 10, 11, 12, '2017-01-14 06:53:00', '2017-01-14 06:53:00'),
(211, '0.91', '588', '540', NULL, 'y', NULL, 10, 11, 13, '2017-01-14 06:53:28', '2017-01-14 06:53:28'),
(212, '0.91', '588', '540', NULL, 'y', NULL, 10, 11, 14, '2017-01-14 06:53:54', '2017-01-14 06:53:54'),
(213, '0.91', '588', '540', NULL, 'y', NULL, 10, 11, 15, '2017-01-14 06:54:18', '2017-01-14 06:54:18'),
(214, '0.91', '588', '540', NULL, 'y', NULL, 10, 11, 16, '2017-01-14 06:54:42', '2017-01-14 06:54:42'),
(215, '0.91', '588', '540', NULL, 'y', NULL, 10, 11, 17, '2017-01-14 06:55:03', '2017-01-14 06:55:03'),
(216, '0.91', '588', '540', NULL, 'y', NULL, 10, 11, 18, '2017-01-14 06:55:26', '2017-01-14 06:55:26'),
(217, '0.91', '588', '540', NULL, 'y', NULL, 10, 11, 19, '2017-01-14 06:55:57', '2017-01-14 06:55:57'),
(218, '0.91', '588', '540', NULL, 'y', NULL, 10, 11, 20, '2017-01-14 06:56:21', '2017-01-14 06:56:21'),
(219, '0.91', '588', '540', NULL, 'y', NULL, 10, 11, 21, '2017-01-14 06:56:47', '2017-01-14 06:56:47'),
(220, '0.91', '588', '540', NULL, 'y', NULL, 10, 11, 22, '2017-01-14 06:57:13', '2017-01-14 06:57:13'),
(221, '0.91', '588', '540', NULL, 'y', NULL, 10, 11, 23, '2017-01-14 06:57:38', '2017-01-14 06:57:38'),
(222, '0.91', '588', '540', NULL, 'y', NULL, 10, 11, 24, '2017-01-14 06:58:05', '2017-01-14 06:58:05'),
(223, '0.91', '588', '540', NULL, 'y', NULL, 10, 11, 25, '2017-01-14 06:58:28', '2017-01-14 06:58:28'),
(224, '0.91', '588', '540', NULL, 'y', NULL, 10, 11, 26, '2017-01-14 06:58:58', '2017-01-14 06:58:58'),
(225, '0.91', '588', '540', NULL, 'y', NULL, 10, 11, 27, '2017-01-14 06:59:24', '2017-01-14 06:59:24'),
(226, '0.91', '588', '540', NULL, 'y', NULL, 10, 11, 28, '2017-01-14 06:59:52', '2017-01-14 06:59:52'),
(227, '0.91', '588', '540', NULL, 'y', NULL, 10, 11, 29, '2017-01-14 07:00:20', '2017-01-14 07:00:20'),
(228, '0.91', '588', '540', NULL, 'y', NULL, 10, 11, 30, '2017-01-14 07:00:48', '2017-01-14 07:00:48'),
(229, '0.91', '588', '540', NULL, 'y', NULL, 10, 11, 31, '2017-01-14 07:01:17', '2017-01-14 07:01:17'),
(230, '0.91', '588', '540', NULL, 'y', NULL, 10, 11, 32, '2017-01-14 07:01:38', '2017-01-14 07:01:38'),
(231, '1', '757', '680', NULL, 'y', NULL, 10, 7, 33, '2017-01-14 07:14:00', '2017-01-14 07:14:00'),
(232, '1', '757', '680', NULL, 'y', NULL, 10, 7, 34, '2017-01-14 07:14:37', '2017-01-14 07:14:37'),
(233, '1', '757', '680', NULL, 'y', NULL, 10, 7, 35, '2017-01-14 07:15:15', '2017-01-14 07:15:15'),
(234, '1', '757', '680', NULL, 'y', NULL, 10, 7, 36, '2017-01-14 07:15:44', '2017-01-14 07:15:44'),
(235, '1', '757', '680', NULL, 'y', NULL, 10, 7, 37, '2017-01-14 07:16:24', '2017-01-14 07:16:24'),
(236, '1', '757', '680', NULL, 'y', NULL, 10, 7, 38, '2017-01-14 07:16:54', '2017-01-14 07:16:54'),
(237, '1', '757', '680', NULL, 'y', NULL, 10, 7, 39, '2017-01-14 07:17:31', '2017-01-14 07:17:31'),
(238, '1', '757', '680', NULL, 'y', NULL, 10, 7, 40, '2017-01-14 07:18:02', '2017-01-14 07:18:02'),
(239, '1', '757', '680', NULL, 'y', NULL, 10, 7, 41, '2017-01-14 07:18:43', '2017-01-14 07:18:43'),
(240, '1', '757', '680', NULL, 'y', NULL, 10, 7, 42, '2017-01-14 07:19:18', '2017-01-14 07:19:18'),
(241, '1', '757', '680', NULL, 'y', NULL, 10, 7, 43, '2017-01-14 07:19:42', '2017-01-14 07:19:42'),
(242, '1', '757', '680', NULL, 'y', NULL, 10, 7, 44, '2017-01-14 07:20:20', '2017-01-14 07:20:20'),
(243, '1', '757', '680', NULL, 'y', NULL, 10, 7, 45, '2017-01-14 07:20:51', '2017-01-14 07:20:51'),
(244, '1', '757', '680', NULL, 'y', NULL, 10, 7, 46, '2017-01-14 07:21:25', '2017-01-14 07:21:25'),
(245, '1', '757', '680', NULL, 'y', NULL, 10, 7, 47, '2017-01-14 07:22:07', '2017-01-14 07:22:07'),
(246, '1', '757', '680', NULL, 'y', NULL, 10, 7, 48, '2017-01-14 07:22:29', '2017-01-14 07:22:29'),
(247, '1', '757', '680', NULL, 'y', NULL, 10, 7, 49, '2017-01-14 07:23:00', '2017-01-14 07:23:00'),
(248, '1', '757', '680', NULL, 'y', NULL, 10, 7, 50, '2017-01-14 07:23:29', '2017-01-14 07:23:29'),
(249, '1', '757', '680', NULL, 'y', NULL, 10, 7, 51, '2017-01-14 07:24:02', '2017-01-14 07:24:02'),
(250, '1', '757', '680', NULL, 'y', NULL, 10, 7, 52, '2017-01-14 07:24:33', '2017-01-14 07:24:33'),
(251, '16', '10031', '9000', NULL, 'y', NULL, 10, 18, 352, '2017-01-14 07:26:23', '2017-01-14 07:26:23'),
(252, '16', '10031', '9000', NULL, 'y', NULL, 10, 18, 355, '2017-01-14 07:27:04', '2017-01-14 07:27:04'),
(253, '16', '10031', '9000', NULL, 'y', NULL, 10, 18, 372, '2017-01-14 07:27:44', '2017-01-14 07:27:44'),
(254, '4', '2537', '2280', NULL, 'y', NULL, 10, 18, 352, '2017-01-14 07:37:40', '2017-01-14 07:37:40'),
(255, '4', '2537', '2280', NULL, 'y', NULL, 10, 18, 353, '2017-01-14 07:38:28', '2017-01-14 07:38:28'),
(256, '4', '2537', '2280', NULL, 'y', NULL, 10, 18, 354, '2017-01-14 07:39:21', '2017-01-14 07:39:21'),
(257, '4', '2537', '2280', NULL, 'y', NULL, 10, 18, 355, '2017-01-14 07:39:47', '2017-01-14 07:39:47'),
(258, '4', '2537', '2280', NULL, 'y', NULL, 10, 18, 356, '2017-01-14 07:40:13', '2017-01-14 07:40:13'),
(259, '4', '2537', '2280', NULL, 'y', NULL, 10, 18, 357, '2017-01-14 07:40:44', '2017-01-14 07:40:44'),
(260, '4', '2537', '2280', NULL, 'y', NULL, 10, 18, 358, '2017-01-14 07:41:25', '2017-01-14 07:41:25'),
(261, '4', '2537', '2280', NULL, 'y', NULL, 10, 18, 359, '2017-01-14 07:41:49', '2017-01-14 07:41:49'),
(262, '4', '2537', '2280', NULL, 'y', NULL, 10, 18, 360, '2017-01-14 07:42:15', '2017-01-14 07:42:15'),
(263, '4', '2537', '2280', NULL, 'y', NULL, 10, 18, 361, '2017-01-14 07:42:41', '2017-01-14 07:42:41'),
(264, '4', '2537', '2280', NULL, 'y', NULL, 10, 18, 362, '2017-01-14 07:43:10', '2017-01-14 07:43:10'),
(265, '4', '2537', '2280', NULL, 'y', NULL, 10, 18, 363, '2017-01-14 07:43:38', '2017-01-14 07:43:38'),
(266, '4', '2537', '2280', NULL, 'y', NULL, 10, 18, 364, '2017-01-14 07:44:01', '2017-01-14 07:44:01'),
(267, '4', '2537', '2280', NULL, 'y', NULL, 10, 18, 365, '2017-01-14 07:44:52', '2017-01-14 07:44:52'),
(268, '4', '2537', '2280', NULL, 'y', NULL, 10, 18, 366, '2017-01-14 07:45:32', '2017-01-14 07:45:32'),
(269, '4', '2537', '2280', NULL, 'y', NULL, 10, 18, 367, '2017-01-14 07:49:01', '2017-01-14 07:49:01'),
(270, '4', '2537', '2280', NULL, 'y', NULL, 10, 18, 368, '2017-01-14 07:49:37', '2017-01-14 07:49:37'),
(271, '4', '2537', '2280', NULL, 'y', NULL, 10, 18, 369, '2017-01-14 07:50:05', '2017-01-14 07:50:05'),
(272, '4', '2537', '2280', NULL, 'y', NULL, 10, 18, 370, '2017-01-14 07:50:35', '2017-01-14 07:50:35'),
(273, '4', '2537', '2280', NULL, 'y', NULL, 10, 18, 371, '2017-01-14 07:51:06', '2017-01-14 07:51:06'),
(274, '4', '2537', '2280', NULL, 'y', NULL, 10, 18, 372, '2017-01-14 07:51:39', '2017-01-14 07:51:39'),
(275, '4', '2537', '2280', NULL, 'y', NULL, 10, 18, 373, '2017-01-14 07:52:14', '2017-01-14 07:52:14'),
(276, '4', '2537', '2280', NULL, 'y', NULL, 10, 18, 374, '2017-01-14 07:54:46', '2017-01-14 07:54:46'),
(277, '4', '2537', '2280', NULL, 'y', NULL, 10, 18, 375, '2017-01-14 07:55:39', '2017-01-14 07:55:39'),
(278, '4', '2537', '2280', NULL, 'y', NULL, 10, 18, 376, '2017-01-14 07:56:15', '2017-01-14 07:56:15'),
(279, '4', '2537', '2280', NULL, 'y', NULL, 10, 18, 377, '2017-01-14 07:56:45', '2017-01-14 07:56:45'),
(280, '4', '2537', '2280', NULL, 'y', NULL, 10, 18, 378, '2017-01-14 07:57:33', '2017-01-14 07:57:33'),
(281, '4', '2537', '2280', NULL, 'y', NULL, 10, 18, 379, '2017-01-14 07:58:09', '2017-01-14 07:58:09'),
(282, '4', '2537', '2280', NULL, 'y', NULL, 10, 18, 380, '2017-01-14 07:58:52', '2017-01-14 07:58:52'),
(283, '4', '2537', '2280', NULL, 'y', NULL, 10, 18, 381, '2017-01-14 07:59:33', '2017-01-14 07:59:33'),
(284, '1', '679', '610', NULL, 'y', NULL, 10, 8, 53, '2017-01-14 08:27:22', '2017-01-14 08:27:22'),
(285, '1', '679', '610', NULL, 'y', NULL, 10, 8, 54, '2017-01-14 08:28:00', '2017-01-14 08:28:00'),
(286, '1', '679', '610', NULL, 'y', NULL, 10, 8, 55, '2017-01-14 08:28:36', '2017-01-14 08:28:36'),
(287, '1', '679', '610', NULL, 'y', NULL, 10, 8, 56, '2017-01-14 08:29:11', '2017-01-14 08:29:11'),
(288, '1', '679', '610', NULL, 'y', NULL, 10, 8, 57, '2017-01-14 08:29:40', '2017-01-14 08:29:40'),
(289, '1', '679', '610', NULL, 'y', NULL, 10, 8, 58, '2017-01-14 08:30:07', '2017-01-14 08:30:07'),
(290, '1', '679', '610', NULL, 'y', NULL, 10, 8, 59, '2017-01-14 08:30:36', '2017-01-14 08:30:36'),
(291, '1', '679', '610', NULL, 'y', NULL, 10, 8, 60, '2017-01-14 08:31:05', '2017-01-14 08:31:05'),
(292, '1', '679', '610', NULL, 'y', NULL, 10, 8, 61, '2017-01-14 08:31:42', '2017-01-14 08:31:42'),
(293, '1', '679', '610', NULL, 'y', NULL, 10, 8, 62, '2017-01-14 08:32:16', '2017-01-14 08:32:16'),
(294, '1', '679', '610', NULL, 'y', NULL, 10, 8, 63, '2017-01-14 08:32:48', '2017-01-14 08:32:48'),
(295, '1', '679', '610', NULL, 'y', NULL, 10, 8, 64, '2017-01-14 08:33:15', '2017-01-14 08:33:15'),
(296, '1', '679', '610', NULL, 'y', NULL, 10, 8, 65, '2017-01-14 08:33:44', '2017-01-14 08:33:44'),
(297, '1', '679', '610', NULL, 'y', NULL, 10, 8, 66, '2017-01-14 08:34:19', '2017-01-14 08:34:19'),
(298, '1', '679', '610', NULL, 'y', NULL, 10, 8, 67, '2017-01-14 08:34:56', '2017-01-14 08:34:56'),
(299, '1', '679', '610', NULL, 'y', NULL, 10, 8, 68, '2017-01-14 08:35:27', '2017-01-14 08:35:27'),
(300, '1', '679', '610', NULL, 'y', NULL, 10, 8, 69, '2017-01-14 08:35:56', '2017-01-14 08:35:56'),
(301, '1', '679', '610', NULL, 'y', NULL, 10, 8, 70, '2017-01-14 08:36:26', '2017-01-14 08:36:26'),
(302, '1', '679', '610', NULL, 'y', NULL, 10, 8, 71, '2017-01-14 08:37:08', '2017-01-14 08:37:08'),
(303, '1', '679', '610', NULL, 'y', NULL, 10, 8, 72, '2017-01-14 08:37:47', '2017-01-14 08:37:47'),
(304, '1', '679', '610', NULL, 'y', NULL, 10, 8, 73, '2017-01-14 08:38:15', '2017-01-14 08:38:15'),
(305, '1', '679', '610', NULL, 'y', NULL, 10, 8, 74, '2017-01-14 08:38:41', '2017-01-14 08:38:41'),
(306, '1', '679', '610', NULL, 'y', NULL, 10, 8, 75, '2017-01-14 08:39:30', '2017-01-14 08:39:30'),
(307, '1', '679', '610', NULL, 'y', NULL, 10, 8, 76, '2017-01-14 08:40:01', '2017-01-14 08:40:01'),
(308, '1', '679', '610', NULL, 'y', NULL, 10, 8, 77, '2017-01-14 08:40:41', '2017-01-14 08:40:41'),
(309, '1', '679', '610', NULL, 'y', NULL, 10, 8, 78, '2017-01-14 08:41:19', '2017-01-14 08:41:19'),
(310, '1', '679', '610', NULL, 'y', NULL, 10, 8, 79, '2017-01-14 08:41:55', '2017-01-14 08:41:55'),
(311, '1', '679', '610', NULL, 'y', NULL, 10, 8, 80, '2017-01-14 08:42:27', '2017-01-14 08:42:27'),
(312, '1', '679', '610', NULL, 'y', NULL, 10, 8, 81, '2017-01-14 08:42:57', '2017-01-14 08:42:57'),
(313, '1', '679', '610', NULL, 'y', NULL, 10, 8, 82, '2017-01-14 08:43:27', '2017-01-14 08:43:27'),
(314, '1', '679', '610', NULL, 'y', NULL, 10, 8, 83, '2017-01-14 08:44:56', '2017-01-14 08:44:56'),
(315, '1', '679', '610', NULL, 'y', NULL, 10, 8, 84, '2017-01-14 08:45:27', '2017-01-14 08:45:27'),
(316, '1', '679', '610', NULL, 'y', NULL, 10, 8, 85, '2017-01-14 08:45:57', '2017-01-14 08:45:57'),
(317, '1', '679', '610', NULL, 'y', NULL, 10, 8, 86, '2017-01-14 08:46:28', '2017-01-14 08:46:28'),
(318, '1', '679', '610', NULL, 'y', NULL, 10, 8, 87, '2017-01-14 08:47:03', '2017-01-14 08:47:03'),
(319, '1', '679', '610', NULL, 'y', NULL, 10, 8, 88, '2017-01-14 08:47:34', '2017-01-14 08:47:34'),
(321, '1', '679', '610', NULL, 'y', NULL, 10, 8, 89, '2017-01-14 08:49:16', '2017-01-14 08:49:16'),
(322, '1', '679', '610', NULL, 'y', NULL, 10, 8, 90, '2017-01-16 00:40:23', '2017-01-16 00:40:23'),
(323, '1', '679', '610', NULL, 'y', NULL, 10, 8, 91, '2017-01-16 00:41:27', '2017-01-16 00:41:27'),
(324, '1', '679', '610', NULL, 'y', NULL, 10, 8, 92, '2017-01-16 00:43:19', '2017-01-16 00:43:19'),
(325, '1', '679', '610', NULL, 'y', NULL, 10, 8, 93, '2017-01-16 00:45:08', '2017-01-16 00:45:08'),
(326, '1', '679', '610', NULL, 'y', NULL, 10, 8, 94, '2017-01-16 00:46:14', '2017-01-16 00:46:14'),
(327, '1', '679', '610', NULL, 'y', NULL, 10, 8, 95, '2017-01-16 00:47:12', '2017-01-16 00:47:12'),
(328, '1', '679', '610', NULL, 'y', NULL, 10, 8, 96, '2017-01-16 00:48:00', '2017-01-16 00:48:00'),
(329, '1', '679', '610', NULL, 'y', NULL, 10, 8, 97, '2017-01-16 00:48:34', '2017-01-16 00:48:34'),
(330, '1', '679', '610', NULL, 'y', NULL, 10, 8, 98, '2017-01-16 00:49:03', '2017-01-16 00:49:03'),
(331, '1', '679', '610', NULL, 'y', NULL, 10, 8, 99, '2017-01-16 00:49:29', '2017-01-16 00:49:29'),
(332, '1', '679', '610', NULL, 'y', NULL, 10, 8, 100, '2017-01-16 00:50:03', '2017-01-16 00:50:03'),
(333, '3.64', '1450', '1160', NULL, 'y', NULL, 8, 13, 272, '2017-01-16 05:24:18', '2017-01-16 05:24:18'),
(334, '3.64', '1450', '1160', NULL, 'y', NULL, 8, 13, 273, '2017-01-16 05:25:34', '2017-01-16 05:25:34'),
(335, '3.64', '1450', '1160', NULL, 'y', NULL, 8, 13, 274, '2017-01-16 05:26:12', '2017-01-16 05:26:12'),
(336, '3.64', '1450', '1160', NULL, 'y', NULL, 8, 13, 275, '2017-01-16 05:26:48', '2017-01-16 05:26:48'),
(337, '3.64', '1450', '1160', NULL, 'y', NULL, 8, 13, 276, '2017-01-16 05:27:34', '2017-01-16 05:27:34'),
(338, '3.64', '1450', '1160', NULL, 'y', NULL, 8, 13, 277, '2017-01-16 05:28:01', '2017-01-16 05:28:01'),
(339, '3.64', '1450', '1160', NULL, 'y', NULL, 8, 13, 278, '2017-01-16 05:28:43', '2017-01-16 05:28:43'),
(340, '3.64', '1450', '1160', NULL, 'y', NULL, 8, 13, 279, '2017-01-16 05:29:10', '2017-01-16 05:29:10'),
(341, '3.64', '1450', '1160', NULL, 'y', NULL, 8, 13, 280, '2017-01-16 05:29:35', '2017-01-16 05:29:35'),
(342, '3.64', '1450', '1160', NULL, 'y', NULL, 8, 13, 281, '2017-01-16 05:30:04', '2017-01-16 05:30:04'),
(343, '3.64', '1450', '1160', NULL, 'y', NULL, 8, 13, 282, '2017-01-16 05:30:31', '2017-01-16 05:30:31'),
(344, '3.64', '1450', '1160', NULL, 'y', NULL, 8, 13, 283, '2017-01-16 05:31:03', '2017-01-16 05:31:03'),
(345, '3.64', '1450', '1160', NULL, 'y', NULL, 8, 13, 284, '2017-01-16 05:31:41', '2017-01-16 05:31:41'),
(346, '3.64', '1450', '1160', NULL, 'y', NULL, 8, 13, 285, '2017-01-16 05:32:06', '2017-01-16 05:32:06'),
(347, '3.64', '1450', '1160', NULL, 'y', NULL, 8, 13, 286, '2017-01-16 05:32:34', '2017-01-16 05:32:34'),
(348, '3.64', '1450', '1160', NULL, 'y', NULL, 8, 13, 287, '2017-01-16 05:33:01', '2017-01-16 05:33:01'),
(349, '3.64', '1450', '1160', NULL, 'y', NULL, 8, 13, 288, '2017-01-16 05:33:32', '2017-01-16 05:33:32'),
(350, '3.64', '1450', '1160', NULL, 'y', NULL, 8, 13, 289, '2017-01-16 05:34:07', '2017-01-16 05:34:07'),
(351, '3.64', '1450', '1160', NULL, 'y', NULL, 8, 13, 290, '2017-01-16 05:34:41', '2017-01-16 05:34:41'),
(352, '3.64', '1450', '1160', NULL, 'y', NULL, 8, 13, 291, '2017-01-16 05:35:07', '2017-01-16 05:35:07'),
(353, '3.64', '1450', '1160', NULL, 'y', NULL, 8, 13, 292, '2017-01-16 05:35:44', '2017-01-16 05:35:44'),
(354, '3.64', '1450', '1160', NULL, 'y', NULL, 8, 13, 293, '2017-01-16 05:36:13', '2017-01-16 05:36:13'),
(355, '3.64', '1450', '1160', NULL, 'y', NULL, 8, 13, 294, '2017-01-16 05:36:44', '2017-01-16 05:36:44'),
(356, '3.64', '1450', '1160', NULL, 'y', NULL, 8, 13, 295, '2017-01-16 05:37:20', '2017-01-16 05:37:20'),
(357, '3.64', '1450', '1160', NULL, 'y', NULL, 8, 13, 296, '2017-01-16 05:37:54', '2017-01-16 05:37:54'),
(358, '3.64', '1450', '1160', NULL, 'y', NULL, 8, 13, 297, '2017-01-16 05:38:21', '2017-01-16 05:38:21'),
(359, '3.64', '1450', '1160', NULL, 'y', NULL, 8, 13, 298, '2017-01-16 05:39:01', '2017-01-16 05:39:01'),
(360, '3.64', '1450', '1160', NULL, 'y', NULL, 8, 13, 299, '2017-01-16 05:39:39', '2017-01-16 05:39:39'),
(361, '3.64', '1450', '1160', NULL, 'y', NULL, 8, 13, 300, '2017-01-16 05:40:11', '2017-01-16 05:40:11'),
(362, '3.64', '1450', '1160', NULL, 'y', NULL, 8, 13, 301, '2017-01-16 05:40:42', '2017-01-16 05:40:42'),
(363, '4', '1750', '1400', NULL, 'y', NULL, 8, 14, 255, '2017-01-16 05:43:31', '2017-01-16 05:43:31'),
(364, '4', '1750', '1400', NULL, 'y', NULL, 8, 14, 256, '2017-01-16 05:43:55', '2017-01-16 05:43:55'),
(365, '4', '1750', '1400', NULL, 'y', NULL, 8, 14, 257, '2017-01-16 05:44:25', '2017-01-16 05:44:25'),
(366, '4', '1750', '1400', NULL, 'y', NULL, 8, 14, 258, '2017-01-16 05:45:01', '2017-01-16 05:45:01'),
(367, '4', '1750', '1400', NULL, 'y', NULL, 8, 14, 259, '2017-01-16 05:45:47', '2017-01-16 05:45:47'),
(368, '4', '1750', '1400', NULL, 'y', NULL, 8, 14, 260, '2017-01-16 05:46:18', '2017-01-16 05:46:18'),
(369, '4', '1750', '1400', NULL, 'y', NULL, 8, 14, 261, '2017-01-16 05:46:58', '2017-01-16 05:46:58'),
(370, '4', '1750', '1400', NULL, 'y', NULL, 8, 14, 262, '2017-01-16 05:47:32', '2017-01-16 05:47:32'),
(371, '4', '1750', '1400', NULL, 'y', NULL, 8, 14, 263, '2017-01-16 05:48:12', '2017-01-16 05:48:12'),
(372, '4', '1750', '1400', NULL, 'y', NULL, 8, 14, 264, '2017-01-16 05:48:51', '2017-01-16 05:48:51'),
(373, '4', '1750', '1400', NULL, 'y', NULL, 8, 14, 265, '2017-01-16 05:49:27', '2017-01-16 05:49:27'),
(374, '4', '1750', '1400', NULL, 'y', NULL, 8, 14, 266, '2017-01-16 05:49:54', '2017-01-16 05:49:54'),
(375, '4', '1750', '1400', NULL, 'y', NULL, 8, 14, 267, '2017-01-16 05:50:25', '2017-01-16 05:50:25'),
(376, '4', '1750', '1400', NULL, 'y', NULL, 8, 14, 268, '2017-01-16 05:50:56', '2017-01-16 05:50:56'),
(377, '4', '1750', '1400', NULL, 'y', NULL, 8, 14, 269, '2017-01-16 05:51:28', '2017-01-16 05:51:28'),
(378, '4', '1750', '1400', NULL, 'y', NULL, 8, 14, 270, '2017-01-16 05:52:02', '2017-01-16 05:52:02'),
(379, '4', '1750', '1400', NULL, 'y', NULL, 8, 14, 271, '2017-01-16 05:52:41', '2017-01-16 05:52:41'),
(380, '3.64', '1800', '1440', NULL, 'y', NULL, 8, 15, 235, '2017-01-16 05:55:16', '2017-01-16 05:55:16'),
(381, '3.64', '1800', '1440', NULL, 'y', NULL, 8, 15, 236, '2017-01-16 05:55:50', '2017-01-16 05:55:50'),
(382, '3.64', '1800', '1440', NULL, 'y', NULL, 8, 15, 237, '2017-01-16 05:56:15', '2017-01-16 05:56:15'),
(383, '3.64', '1800', '1440', NULL, 'y', NULL, 8, 15, 238, '2017-01-16 05:56:42', '2017-01-16 05:56:42'),
(384, '3.64', '1800', '1440', NULL, 'y', NULL, 8, 15, 239, '2017-01-16 05:57:10', '2017-01-16 05:57:10'),
(385, '3.64', '1800', '1440', NULL, 'y', NULL, 8, 15, 240, '2017-01-16 05:57:43', '2017-01-16 05:57:43'),
(386, '3.64', '1800', '1440', NULL, 'y', NULL, 8, 15, 241, '2017-01-16 05:58:18', '2017-01-16 05:58:18'),
(387, '3.64', '1800', '1440', NULL, 'y', NULL, 8, 15, 242, '2017-01-16 05:58:46', '2017-01-16 05:58:46'),
(388, '3.64', '1800', '1440', NULL, 'y', NULL, 8, 15, 243, '2017-01-16 05:59:12', '2017-01-16 05:59:12'),
(389, '3.64', '1800', '1440', NULL, 'y', NULL, 8, 15, 244, '2017-01-16 05:59:37', '2017-01-16 05:59:37'),
(390, '3.64', '1800', '1440', NULL, 'y', NULL, 8, 15, 245, '2017-01-16 06:00:07', '2017-01-16 06:00:07'),
(391, '3.64', '1800', '1440', NULL, 'y', NULL, 8, 15, 246, '2017-01-16 06:00:40', '2017-01-16 06:00:40'),
(392, '3.64', '1800', '1440', NULL, 'y', NULL, 8, 15, 247, '2017-01-16 06:01:14', '2017-01-16 06:01:14'),
(393, '3.64', '1800', '1440', NULL, 'y', NULL, 8, 15, 248, '2017-01-16 06:01:44', '2017-01-16 06:01:44'),
(394, '3.64', '1800', '1440', NULL, 'y', NULL, 8, 15, 249, '2017-01-16 06:02:26', '2017-01-16 06:02:26'),
(395, '3.64', '1800', '1440', NULL, 'y', NULL, 8, 15, 250, '2017-01-16 06:03:40', '2017-01-16 06:03:40'),
(396, '3.64', '1800', '1440', NULL, 'y', NULL, 8, 15, 251, '2017-01-16 06:04:12', '2017-01-16 06:04:12'),
(397, '3.64', '1800', '1440', NULL, 'y', NULL, 8, 15, 252, '2017-01-16 06:04:51', '2017-01-16 06:04:51'),
(398, '3.64', '1800', '1440', NULL, 'y', NULL, 8, 15, 253, '2017-01-16 06:05:52', '2017-01-16 06:05:52'),
(399, '3.64', '1800', '1440', NULL, 'y', NULL, 8, 15, 254, '2017-01-16 06:07:06', '2017-01-16 06:07:06'),
(400, '3.64', '915', '732', NULL, 'y', NULL, 8, 17, 302, '2017-01-16 06:31:25', '2017-01-16 06:31:25'),
(401, '3.64', '915', '732', NULL, 'y', NULL, 8, 17, 303, '2017-01-16 06:31:54', '2017-01-16 06:31:54'),
(402, '3.64', '915', '732', NULL, 'y', NULL, 8, 17, 304, '2017-01-16 06:32:51', '2017-01-16 06:32:51'),
(403, '3.64', '915', '732', NULL, 'y', NULL, 8, 17, 305, '2017-01-16 06:33:32', '2017-01-16 06:33:32'),
(404, '3.64', '915', '732', NULL, 'y', NULL, 8, 17, 306, '2017-01-16 06:34:01', '2017-01-16 06:34:01'),
(405, '3.64', '915', '732', NULL, 'y', NULL, 8, 17, 307, '2017-01-16 06:34:35', '2017-01-16 06:34:35'),
(406, '3.64', '915', '732', NULL, 'y', NULL, 8, 17, 308, '2017-01-16 06:35:06', '2017-01-16 06:35:06'),
(407, '3.64', '915', '732', NULL, 'y', NULL, 8, 17, 309, '2017-01-16 06:35:48', '2017-01-16 06:35:48'),
(408, '3.64', '915', '732', NULL, 'y', NULL, 8, 17, 310, '2017-01-16 06:36:22', '2017-01-16 06:36:22'),
(409, '3.64', '915', '732', NULL, 'y', NULL, 8, 17, 311, '2017-01-16 06:36:47', '2017-01-16 06:36:47'),
(410, '3.64', '915', '732', NULL, 'y', NULL, 8, 17, 312, '2017-01-16 06:37:25', '2017-01-16 06:37:25'),
(411, '3.64', '915', '732', NULL, 'y', NULL, 8, 17, 313, '2017-01-16 06:38:15', '2017-01-16 06:38:15'),
(412, '3.64', '915', '732', NULL, 'y', NULL, 8, 17, 314, '2017-01-16 06:38:41', '2017-01-16 06:38:41'),
(413, '3.64', '915', '732', NULL, 'y', NULL, 8, 17, 315, '2017-01-16 06:39:12', '2017-01-16 06:39:12'),
(414, '3.64', '915', '732', NULL, 'y', NULL, 8, 17, 316, '2017-01-16 06:39:50', '2017-01-16 06:39:50'),
(415, '3.64', '915', '732', NULL, 'y', NULL, 8, 17, 317, '2017-01-16 06:40:29', '2017-01-16 06:40:29'),
(416, '3.64', '915', '732', NULL, 'y', NULL, 8, 17, 318, '2017-01-16 06:41:01', '2017-01-16 06:41:01'),
(417, '3.64', '915', '732', NULL, 'y', NULL, 8, 17, 319, '2017-01-16 06:41:37', '2017-01-16 06:41:37'),
(418, '3.64', '915', '732', NULL, 'y', NULL, 8, 17, 320, '2017-01-16 06:42:09', '2017-01-16 06:42:09'),
(419, '3.64', '915', '732', NULL, 'y', NULL, 8, 17, 321, '2017-01-16 06:42:42', '2017-01-16 06:42:42'),
(420, '3.64', '915', '732', NULL, 'y', NULL, 8, 17, 322, '2017-01-16 06:43:20', '2017-01-16 06:43:20'),
(421, '3.64', '915', '732', NULL, 'y', NULL, 8, 17, 323, '2017-01-16 06:43:52', '2017-01-16 06:43:52'),
(422, '3.64', '915', '732', NULL, 'y', NULL, 8, 17, 324, '2017-01-16 06:44:47', '2017-01-16 06:44:47'),
(423, '3.64', '915', '732', NULL, 'y', NULL, 8, 17, 325, '2017-01-16 06:45:15', '2017-01-16 06:45:15'),
(424, '3.64', '915', '732', NULL, 'y', NULL, 8, 17, 326, '2017-01-16 06:45:49', '2017-01-16 06:45:49'),
(425, '4', '1650', '1320', NULL, 'y', NULL, 8, 50, 327, '2017-01-16 06:47:53', '2017-01-16 06:47:53'),
(426, '4', '1650', '1320', NULL, 'y', NULL, 8, 50, 328, '2017-01-16 06:49:19', '2017-01-16 06:49:19'),
(427, '4', '1650', '1320', NULL, 'y', NULL, 8, 50, 329, '2017-01-16 06:49:54', '2017-01-16 06:49:54'),
(428, '4', '1650', '1320', NULL, 'y', NULL, 8, 50, 330, '2017-01-16 06:50:27', '2017-01-16 06:50:27'),
(429, '4', '1650', '1320', NULL, 'y', NULL, 8, 50, 331, '2017-01-16 06:51:05', '2017-01-16 06:51:05'),
(430, '4', '1650', '1320', NULL, 'y', NULL, 8, 50, 332, '2017-01-16 06:51:45', '2017-01-16 06:51:45'),
(431, '4', '1650', '1320', NULL, 'y', NULL, 8, 50, 333, '2017-01-16 06:52:14', '2017-01-16 06:52:14'),
(432, '4', '1650', '1320', NULL, 'y', NULL, 8, 50, 334, '2017-01-16 06:52:41', '2017-01-16 06:52:41'),
(433, '4', '1650', '1320', NULL, 'y', NULL, 8, 50, 335, '2017-01-16 06:53:24', '2017-01-16 06:53:24'),
(434, '4', '1650', '1320', NULL, 'y', NULL, 8, 50, 336, '2017-01-16 06:53:57', '2017-01-16 06:53:57'),
(435, '4', '1650', '1320', NULL, 'y', NULL, 8, 50, 337, '2017-01-16 06:54:34', '2017-01-16 06:54:34'),
(436, '4', '1650', '1320', NULL, 'y', NULL, 8, 50, 338, '2017-01-16 06:55:04', '2017-01-16 06:55:04'),
(437, '4', '1650', '1320', NULL, 'y', NULL, 8, 50, 339, '2017-01-16 06:55:43', '2017-01-16 06:55:43'),
(438, '4', '1650', '1320', NULL, 'y', NULL, 8, 50, 340, '2017-01-16 06:56:17', '2017-01-16 06:56:17'),
(439, '4', '1650', '1320', NULL, 'y', NULL, 8, 50, 341, '2017-01-16 06:56:43', '2017-01-16 06:56:43'),
(440, '4', '1650', '1320', NULL, 'y', NULL, 8, 50, 342, '2017-01-16 06:57:21', '2017-01-16 06:57:21'),
(441, '4', '1650', '1320', NULL, 'y', NULL, 8, 50, 343, '2017-01-16 06:57:54', '2017-01-16 06:57:54'),
(442, '4', '1650', '1320', NULL, 'y', NULL, 8, 50, 344, '2017-01-16 06:58:47', '2017-01-16 06:58:47'),
(443, '4', '1650', '1320', NULL, 'y', NULL, 8, 50, 345, '2017-01-16 06:59:19', '2017-01-16 06:59:19'),
(444, '4', '1650', '1320', NULL, 'y', NULL, 8, 50, 346, '2017-01-16 06:59:54', '2017-01-16 06:59:54'),
(445, '4', '1650', '1320', NULL, 'y', NULL, 8, 50, 347, '2017-01-16 07:00:34', '2017-01-16 07:00:34'),
(446, '4', '1650', '1320', NULL, 'y', NULL, 8, 50, 348, '2017-01-16 07:01:12', '2017-01-16 07:01:12'),
(447, '4', '1650', '1320', NULL, 'y', NULL, 8, 50, 349, '2017-01-16 07:01:44', '2017-01-16 07:01:44'),
(448, '4', '1650', '1320', NULL, 'y', NULL, 8, 50, 350, '2017-01-16 07:02:18', '2017-01-16 07:02:18'),
(449, '4', '1650', '1320', NULL, 'y', NULL, 8, 50, 351, '2017-01-16 07:02:55', '2017-01-16 07:02:55'),
(450, '0.91', '390', '312', NULL, 'y', NULL, 8, 13, 272, '2017-01-18 00:12:39', '2017-01-18 00:12:39'),
(451, '0.91', '390', '312', NULL, 'y', NULL, 8, 13, 273, '2017-01-18 00:14:13', '2017-01-18 00:14:13'),
(452, '0.91', '390', '312', NULL, 'y', NULL, 8, 13, 274, '2017-01-18 00:16:09', '2017-01-18 00:16:09'),
(453, '0.91', '390', '312', NULL, 'y', NULL, 8, 13, 275, '2017-01-18 00:17:47', '2017-01-18 00:17:47'),
(454, '0.91', '390', '312', NULL, 'y', NULL, 8, 13, 276, '2017-01-18 00:18:26', '2017-01-18 00:18:26'),
(455, '0.91', '390', '312', NULL, 'y', NULL, 8, 13, 277, '2017-01-18 00:21:27', '2017-01-18 00:21:27'),
(456, '0.91', '390', '312', NULL, 'y', NULL, 8, 13, 278, '2017-01-18 00:22:02', '2017-01-18 00:22:02'),
(457, '0.91', '390', '312', NULL, 'y', NULL, 8, 13, 279, '2017-01-18 00:23:44', '2017-01-18 00:23:44'),
(458, '0.91', '390', '312', NULL, 'y', NULL, 8, 13, 280, '2017-01-18 00:24:12', '2017-01-18 00:24:12'),
(459, '0.91', '390', '312', NULL, 'y', NULL, 8, 13, 281, '2017-01-18 00:24:43', '2017-01-18 00:24:43'),
(460, '0.91', '390', '312', NULL, 'y', NULL, 8, 13, 282, '2017-01-18 00:25:23', '2017-01-18 00:25:23'),
(461, '0.91', '390', '312', NULL, 'y', NULL, 8, 13, 283, '2017-01-18 00:25:49', '2017-01-18 00:25:49'),
(462, '0.91', '390', '312', NULL, 'y', NULL, 8, 13, 284, '2017-01-18 00:26:26', '2017-01-18 00:26:26'),
(463, '0.91', '390', '312', NULL, 'y', NULL, 8, 13, 285, '2017-01-18 00:26:53', '2017-01-18 00:26:53'),
(464, '0.91', '390', '312', NULL, 'y', NULL, 8, 13, 286, '2017-01-18 00:27:17', '2017-01-18 00:27:17'),
(465, '0.91', '390', '312', NULL, 'y', NULL, 8, 13, 287, '2017-01-18 00:27:45', '2017-01-18 00:27:45'),
(466, '0.91', '390', '312', NULL, 'y', NULL, 8, 13, 288, '2017-01-18 00:28:15', '2017-01-18 00:28:15'),
(467, '0.91', '390', '312', NULL, 'y', NULL, 8, 13, 289, '2017-01-18 00:29:15', '2017-01-18 00:29:15'),
(468, '0.91', '390', '312', NULL, 'y', NULL, 8, 13, 290, '2017-01-18 00:29:54', '2017-01-18 00:29:54'),
(469, '0.91', '390', '312', NULL, 'y', NULL, 8, 13, 291, '2017-01-18 00:30:26', '2017-01-18 00:30:26'),
(470, '0.91', '390', '312', NULL, 'y', NULL, 8, 13, 292, '2017-01-18 00:31:01', '2017-01-18 00:31:01'),
(471, '0.91', '390', '312', NULL, 'y', NULL, 8, 13, 293, '2017-01-18 00:31:34', '2017-01-18 00:31:34'),
(472, '0.91', '390', '312', NULL, 'y', NULL, 8, 13, 294, '2017-01-18 00:32:34', '2017-01-18 00:32:34'),
(473, '0.91', '390', '312', NULL, 'y', NULL, 8, 13, 295, '2017-01-18 00:33:08', '2017-01-18 00:33:08'),
(474, '0.91', '390', '312', NULL, 'y', NULL, 8, 13, 296, '2017-01-18 00:33:47', '2017-01-18 00:33:47'),
(475, '0.91', '390', '312', NULL, 'y', NULL, 8, 13, 297, '2017-01-18 00:34:37', '2017-01-18 00:34:37'),
(476, '0.91', '390', '312', NULL, 'y', NULL, 8, 13, 298, '2017-01-18 00:35:14', '2017-01-18 00:35:14'),
(477, '0.91', '390', '312', NULL, 'y', NULL, 8, 13, 299, '2017-01-18 00:36:02', '2017-01-18 00:36:02'),
(478, '0.91', '390', '312', NULL, 'y', NULL, 8, 13, 300, '2017-01-18 00:36:38', '2017-01-18 00:36:38'),
(479, '0.91', '390', '312', NULL, 'y', NULL, 8, 13, 301, '2017-01-18 00:37:10', '2017-01-18 00:37:10'),
(480, '1', '485', '388', NULL, 'y', NULL, 8, 14, 255, '2017-01-18 00:39:23', '2017-01-18 00:39:23'),
(481, '1', '485', '388', NULL, 'y', NULL, 8, 14, 256, '2017-01-18 00:39:58', '2017-01-18 00:39:58'),
(482, '1', '485', '388', NULL, 'y', NULL, 8, 14, 257, '2017-01-18 00:40:31', '2017-01-18 00:40:31'),
(483, '1', '485', '388', NULL, 'y', NULL, 8, 14, 258, '2017-01-18 00:41:03', '2017-01-18 00:41:03'),
(484, '1', '485', '388', NULL, 'y', NULL, 8, 14, 259, '2017-01-18 00:41:33', '2017-01-18 00:41:33'),
(485, '1', '485', '388', NULL, 'y', NULL, 8, 14, 260, '2017-01-18 00:42:13', '2017-01-18 00:42:13'),
(486, '1', '485', '388', NULL, 'y', NULL, 8, 14, 261, '2017-01-18 00:42:51', '2017-01-18 00:42:51'),
(487, '1', '485', '388', NULL, 'y', NULL, 8, 14, 262, '2017-01-18 00:43:25', '2017-01-18 00:43:25'),
(488, '1', '485', '388', NULL, 'y', NULL, 8, 14, 263, '2017-01-18 00:44:02', '2017-01-18 00:44:02'),
(489, '1', '485', '388', NULL, 'y', NULL, 8, 14, 264, '2017-01-18 00:44:30', '2017-01-18 00:44:30'),
(490, '1', '485', '388', NULL, 'y', NULL, 8, 14, 265, '2017-01-18 00:45:06', '2017-01-18 00:45:06'),
(491, '1', '485', '388', NULL, 'y', NULL, 8, 14, 266, '2017-01-18 00:45:44', '2017-01-18 00:45:44'),
(492, '1', '485', '388', NULL, 'y', NULL, 8, 14, 267, '2017-01-18 00:46:23', '2017-01-18 00:46:23'),
(493, '1', '485', '388', NULL, 'y', NULL, 8, 14, 268, '2017-01-18 00:47:05', '2017-01-18 00:47:05'),
(494, '1', '485', '388', NULL, 'y', NULL, 8, 14, 269, '2017-01-18 00:47:42', '2017-01-18 00:47:42');
INSERT INTO `pakinges` (`id`, `paking_value`, `paking_price`, `paking_discount_price`, `paking_discount_value`, `paking_is_discounted`, `paking_sort_id`, `brand_id`, `product_id`, `shade_id`, `created_at`, `updated_at`) VALUES
(495, '1', '485', '388', NULL, 'y', NULL, 8, 14, 270, '2017-01-18 00:48:27', '2017-01-18 00:48:27'),
(496, '1', '485', '388', NULL, 'y', NULL, 8, 14, 271, '2017-01-18 00:49:08', '2017-01-18 00:49:08'),
(497, '0.91', '480', '384', NULL, 'y', NULL, 8, 15, 235, '2017-01-18 00:50:50', '2017-01-18 00:50:50'),
(498, '0.91', '480', '388', NULL, 'y', NULL, 8, 15, 236, '2017-01-18 00:57:32', '2017-01-18 00:57:32'),
(499, '0.91', '4', '388', NULL, 'y', NULL, 8, 15, 237, '2017-01-18 00:58:28', '2017-01-18 00:58:28'),
(500, '0.91', '480', '388', NULL, 'y', NULL, 8, 15, 238, '2017-01-18 00:59:14', '2017-01-18 00:59:14'),
(501, '0.', '480', '388', NULL, 'y', NULL, 8, 15, 239, '2017-01-18 01:00:29', '2017-01-18 01:00:29'),
(502, '0.91', '480', '388', NULL, 'y', NULL, 8, 15, 240, '2017-01-18 01:01:16', '2017-01-18 01:01:16'),
(503, '0.91', '480', '388', NULL, 'y', NULL, 8, 15, 240, '2017-01-18 01:02:03', '2017-01-18 01:02:03'),
(504, '0.91', '480', '388', NULL, 'y', NULL, 8, 15, 241, '2017-01-18 01:02:53', '2017-01-18 01:02:53'),
(505, '0.91', '480', '388', NULL, 'y', NULL, 8, 15, 242, '2017-01-18 01:03:53', '2017-01-18 01:03:53'),
(506, '0.91', '480', '388', NULL, 'y', NULL, 8, 15, 243, '2017-01-18 01:04:28', '2017-01-18 01:04:28'),
(507, '0.91', '480', '388', NULL, 'y', NULL, 8, 15, 244, '2017-01-18 01:05:11', '2017-01-18 01:05:11'),
(508, '0.91', '480', '388', NULL, 'y', NULL, 8, 15, 245, '2017-01-18 01:05:41', '2017-01-18 01:05:41'),
(509, '0.91', '480', '388', NULL, 'y', NULL, 8, 15, 246, '2017-01-18 01:06:17', '2017-01-18 01:06:17'),
(510, '0.91', '450', '388', NULL, 'y', NULL, 8, 15, 247, '2017-01-18 01:06:59', '2017-01-18 01:06:59'),
(511, '0.91', '480', '388', NULL, 'y', NULL, 8, 15, 248, '2017-01-18 01:07:56', '2017-01-18 01:07:56'),
(512, '0.91', '480', '388', NULL, 'y', NULL, 8, 15, 249, '2017-01-18 01:08:32', '2017-01-18 01:08:32'),
(513, '0.91', '480', '388', NULL, 'y', NULL, 8, 15, 250, '2017-01-18 01:09:13', '2017-01-18 01:09:13'),
(514, '0.91', '480', '388', NULL, 'y', NULL, 8, 15, 251, '2017-01-18 01:09:47', '2017-01-18 01:09:47'),
(515, '0.91', '480', '388', NULL, 'y', NULL, 8, 15, 252, '2017-01-18 01:10:16', '2017-01-18 01:10:16'),
(516, '0.91', '480', '388', NULL, 'y', NULL, 8, 15, 253, '2017-01-18 01:10:53', '2017-01-18 01:10:53'),
(517, '0.91', '480', '388', NULL, 'y', NULL, 8, 15, 254, '2017-01-18 01:11:27', '2017-01-18 01:11:27'),
(518, '1', '460', '368', NULL, 'y', NULL, 8, 50, 327, '2017-01-18 01:13:56', '2017-01-18 01:13:56'),
(519, '1', '460', '368', NULL, 'y', NULL, 8, 50, 328, '2017-01-18 01:14:53', '2017-01-18 01:14:53'),
(520, '1', '460', '368', NULL, 'y', NULL, 8, 50, 329, '2017-01-18 01:15:25', '2017-01-18 01:15:25'),
(521, '1', '460', '368', NULL, 'y', NULL, 8, 50, 330, '2017-01-18 01:15:57', '2017-01-18 01:15:57'),
(522, '1', '460', '368', NULL, 'y', NULL, 8, 50, 331, '2017-01-18 01:16:35', '2017-01-18 01:16:35'),
(523, '1', '460', '368', NULL, 'y', NULL, 8, 50, 332, '2017-01-18 01:17:19', '2017-01-18 01:17:19'),
(524, '1', '460', '368', NULL, 'y', NULL, 8, 50, 333, '2017-01-18 01:18:09', '2017-01-18 01:18:09'),
(525, '1', '460', '368', NULL, 'y', NULL, 8, 50, 334, '2017-01-18 01:18:45', '2017-01-18 01:18:45'),
(526, '1', '460', '368', NULL, 'y', NULL, 8, 50, 335, '2017-01-18 01:19:24', '2017-01-18 01:19:24'),
(527, '1', '460', '368', NULL, 'y', NULL, 8, 50, 336, '2017-01-18 01:19:51', '2017-01-18 01:19:51'),
(528, '1', '460', '368', NULL, 'y', NULL, 8, 50, 337, '2017-01-18 01:20:21', '2017-01-18 01:20:21'),
(529, '1', '460', '368', NULL, 'y', NULL, 8, 50, 338, '2017-01-18 01:20:50', '2017-01-18 01:20:50'),
(530, '1', '460', '368', NULL, 'y', NULL, 8, 50, 339, '2017-01-18 01:21:32', '2017-01-18 01:21:32'),
(531, '1', '460', '368', NULL, 'y', NULL, 8, 50, 340, '2017-01-18 01:22:16', '2017-01-18 01:22:16'),
(532, '1', '460', '368', NULL, 'y', NULL, 8, 50, 341, '2017-01-18 01:22:57', '2017-01-18 01:22:57'),
(533, '1', '460', '368', NULL, 'y', NULL, 8, 50, 342, '2017-01-18 01:23:26', '2017-01-18 01:23:26'),
(534, '1', '460', '368', NULL, 'y', NULL, 8, 50, 343, '2017-01-18 01:23:51', '2017-01-18 01:23:51'),
(535, '1', '460', '368', NULL, 'y', NULL, 8, 50, 344, '2017-01-18 01:24:26', '2017-01-18 01:24:26'),
(536, '1', '460', '368', NULL, 'y', NULL, 8, 50, 345, '2017-01-18 01:25:04', '2017-01-18 01:25:04'),
(537, '1', '460', '368', NULL, 'y', NULL, 8, 50, 346, '2017-01-18 01:25:39', '2017-01-18 01:25:39'),
(538, '1', '460', '368', NULL, 'y', NULL, 8, 50, 347, '2017-01-18 01:26:16', '2017-01-18 01:26:16'),
(539, '1', '460', '368', NULL, 'y', NULL, 8, 50, 348, '2017-01-18 01:26:56', '2017-01-18 01:26:56'),
(540, '1', '460', '368', NULL, 'y', NULL, 8, 50, 349, '2017-01-18 01:27:23', '2017-01-18 01:27:23'),
(541, '1', '460', '368', NULL, 'y', NULL, 8, 50, 350, '2017-01-18 01:28:08', '2017-01-18 01:28:08'),
(542, '1', '460', '368', NULL, 'y', NULL, 8, 50, 351, '2017-01-18 01:29:10', '2017-01-18 01:29:10'),
(543, '0.91', '270', '216', NULL, 'y', NULL, 8, 17, 302, '2017-01-18 01:30:46', '2017-01-18 01:30:46'),
(544, '0.91', '270', '216', NULL, 'y', NULL, 8, 17, 303, '2017-01-18 01:31:30', '2017-01-18 01:31:30'),
(545, '0.91', '270', '216', NULL, 'y', NULL, 8, 17, 304, '2017-01-18 01:32:34', '2017-01-18 01:32:34'),
(546, '0.91', '270', '216', NULL, 'y', NULL, 8, 17, 305, '2017-01-18 01:33:10', '2017-01-18 01:33:10'),
(547, '0.91', '270', '216', NULL, 'y', NULL, 8, 17, 306, '2017-01-18 01:33:49', '2017-01-18 01:33:49'),
(548, '0.91', '270', '216', NULL, 'y', NULL, 8, 17, 307, '2017-01-18 01:34:33', '2017-01-18 01:34:33'),
(549, '0.91', '270', '216', NULL, 'y', NULL, 8, 17, 308, '2017-01-18 01:35:07', '2017-01-18 01:35:07'),
(550, '0.91', '270', '216', NULL, 'y', NULL, 8, 17, 309, '2017-01-18 01:35:42', '2017-01-18 01:35:42'),
(551, '0.91', '270', '216', NULL, 'y', NULL, 8, 17, 310, '2017-01-18 01:36:23', '2017-01-18 01:36:23'),
(552, '0.91', '270', '216', NULL, 'y', NULL, 8, 17, 311, '2017-01-18 01:36:56', '2017-01-18 01:36:56'),
(553, '0.91', '270', '216', NULL, 'y', NULL, 8, 17, 312, '2017-01-18 01:37:29', '2017-01-18 01:37:29'),
(554, '0.91', '270', '216', NULL, 'y', NULL, 8, 17, 313, '2017-01-18 01:38:05', '2017-01-18 01:38:05'),
(555, '0.91', '270', '216', NULL, 'y', NULL, 8, 17, 314, '2017-01-18 01:38:34', '2017-01-18 01:38:34'),
(556, '0.91', '270', '216', NULL, 'y', NULL, 8, 17, 315, '2017-01-18 01:39:06', '2017-01-18 01:39:06'),
(557, '0.91', '270', '216', NULL, 'y', NULL, 8, 17, 316, '2017-01-18 01:39:39', '2017-01-18 01:39:39'),
(558, '0.91', '270', '216', NULL, 'y', NULL, 8, 17, 317, '2017-01-18 01:40:11', '2017-01-18 01:40:11'),
(559, '0.91', '270', '216', NULL, 'y', NULL, 8, 17, 318, '2017-01-18 01:40:36', '2017-01-18 01:40:36'),
(560, '0.91', '270', '216', NULL, 'y', NULL, 8, 17, 319, '2017-01-18 01:41:11', '2017-01-18 01:41:11'),
(561, '0.91', '270', '216', NULL, 'y', NULL, 8, 17, 320, '2017-01-18 01:41:44', '2017-01-18 01:41:44'),
(562, '0.91', '270', '216', NULL, 'y', NULL, 8, 17, 321, '2017-01-18 01:42:14', '2017-01-18 01:42:14'),
(563, '0.91', '270', '216', NULL, 'y', NULL, 8, 17, 322, '2017-01-18 01:42:43', '2017-01-18 01:42:43'),
(564, '0.91', '270', '216', NULL, 'y', NULL, 8, 17, 323, '2017-01-18 01:43:08', '2017-01-18 01:43:08'),
(565, '0.91', '270', '216', NULL, 'y', NULL, 8, 17, 324, '2017-01-18 01:43:32', '2017-01-18 01:43:32'),
(566, '0.91', '270', '216', NULL, 'y', NULL, 8, 17, 325, '2017-01-18 01:43:58', '2017-01-18 01:43:58'),
(567, '0.91', '270', '216', NULL, 'y', NULL, 8, 17, 326, '2017-01-18 01:44:23', '2017-01-18 01:44:23'),
(568, '16', '3400', '2720', NULL, 'y', NULL, 8, 17, 303, '2017-01-18 01:50:06', '2017-01-18 01:50:06'),
(569, '16', '3400', '2720', NULL, 'y', NULL, 8, 17, 307, '2017-01-18 01:50:36', '2017-01-18 01:50:36'),
(570, '16', '3400', '2720', NULL, 'y', NULL, 8, 17, 313, '2017-01-18 01:51:19', '2017-01-18 01:51:19'),
(571, '4', '2010', '1650', NULL, 'y', NULL, 7, 24, 382, '2017-01-18 05:06:56', '2017-01-18 05:06:56'),
(572, '4', '2010', '1650', NULL, 'y', NULL, 7, 24, 383, '2017-01-18 05:32:26', '2017-01-18 05:32:26'),
(573, '4', '2010', '1650', NULL, 'y', NULL, 7, 24, 384, '2017-01-18 05:33:21', '2017-01-18 05:33:21'),
(574, '4', '2010', '1650', NULL, 'y', NULL, 7, 24, 385, '2017-01-18 05:33:56', '2017-01-18 05:33:56'),
(575, '4', '2010', '1650', NULL, 'y', NULL, 7, 24, 386, '2017-01-18 05:34:25', '2017-01-18 05:34:25'),
(576, '4', '2010', '1650', NULL, 'y', NULL, 7, 24, 387, '2017-01-18 05:35:09', '2017-01-18 05:35:09'),
(577, '4', '2010', '1650', NULL, 'y', NULL, 7, 24, 388, '2017-01-18 05:35:38', '2017-01-18 05:35:38'),
(578, '4', '2010', '1650', NULL, 'y', NULL, 7, 24, 389, '2017-01-18 05:36:04', '2017-01-18 05:36:04'),
(579, '4', '2010', '1650', NULL, 'y', NULL, 7, 24, 390, '2017-01-18 05:36:36', '2017-01-18 05:36:36'),
(580, '4', '2010', '1650', NULL, 'y', NULL, 7, 24, 391, '2017-01-18 05:37:03', '2017-01-18 05:37:03'),
(581, '4', '2010', '1650', NULL, 'y', NULL, 7, 24, 392, '2017-01-18 05:37:31', '2017-01-18 05:37:31'),
(582, '4', '2010', '1650', NULL, 'y', NULL, 7, 24, 393, '2017-01-18 05:37:59', '2017-01-18 05:37:59'),
(583, '4', '2010', '1650', NULL, 'y', NULL, 7, 24, 394, '2017-01-18 05:39:15', '2017-01-18 05:39:15'),
(584, '4', '2010', '1650', NULL, 'y', NULL, 7, 24, 395, '2017-01-18 05:39:40', '2017-01-18 05:39:40'),
(585, '4', '2010', '1650', NULL, 'y', NULL, 7, 24, 396, '2017-01-18 05:40:08', '2017-01-18 05:40:08'),
(588, '4', '2010', '1650', NULL, 'y', NULL, 7, 24, 397, '2017-01-18 05:47:27', '2017-01-18 05:47:27'),
(589, '4', '2010', '1650', NULL, 'y', NULL, 7, 24, 398, '2017-01-18 05:48:03', '2017-01-18 05:48:03'),
(590, '4', '2010', '1650', NULL, 'y', NULL, 7, 24, 399, '2017-01-18 05:48:55', '2017-01-18 05:48:55'),
(591, '4', '2010', '1650', NULL, 'y', NULL, 7, 24, 400, '2017-01-18 05:49:24', '2017-01-18 05:49:24'),
(592, '4', '2010', '1650', NULL, 'y', NULL, 7, 24, 400, '2017-01-18 05:49:50', '2017-01-18 05:49:50'),
(593, '4', '2625', '2100', NULL, 'y', NULL, 6, 59, 494, '2017-01-18 05:49:58', '2017-01-18 05:49:58'),
(594, '4', '2010', '1650', NULL, 'y', NULL, 7, 24, 401, '2017-01-18 05:50:25', '2017-01-18 05:50:25'),
(595, '4', '2625', '2100', NULL, 'y', NULL, 6, 59, 496, '2017-01-18 05:50:38', '2017-01-18 05:50:38'),
(596, '4', '2010', '1650', NULL, 'y', NULL, 7, 24, 402, '2017-01-18 05:50:53', '2017-01-18 05:50:53'),
(597, '4', '2625', '2100', NULL, 'y', NULL, 6, 59, 499, '2017-01-18 05:51:11', '2017-01-18 05:51:11'),
(598, '4', '2010', '1650', NULL, 'y', NULL, 7, 24, 403, '2017-01-18 05:51:21', '2017-01-18 05:51:21'),
(599, '4', '2625', '2100', NULL, 'y', NULL, 6, 59, 502, '2017-01-18 05:51:39', '2017-01-18 05:51:39'),
(600, '4', '2010', '1650', NULL, 'y', NULL, 7, 24, 404, '2017-01-18 05:51:50', '2017-01-18 05:51:50'),
(601, '4', '2625', '2100', NULL, 'y', NULL, 6, 59, 504, '2017-01-18 05:52:13', '2017-01-18 05:52:13'),
(602, '4', '2010', '1650', NULL, 'y', NULL, 7, 24, 405, '2017-01-18 05:52:28', '2017-01-18 05:52:28'),
(603, '4', '2625', '2100', NULL, 'y', NULL, 6, 59, 507, '2017-01-18 05:52:46', '2017-01-18 05:52:46'),
(604, '4', '2010', '1650', NULL, 'y', NULL, 7, 24, 406, '2017-01-18 05:53:07', '2017-01-18 05:53:07'),
(605, '4', '2625', '2100', NULL, 'y', NULL, 6, 59, 510, '2017-01-18 05:53:40', '2017-01-18 05:53:40'),
(606, '1', '555', '455', NULL, 'y', NULL, 7, 24, 382, '2017-01-18 05:54:05', '2017-01-18 05:54:05'),
(607, '1', '555', '455', NULL, 'y', NULL, 7, 24, 383, '2017-01-18 05:54:29', '2017-01-18 05:54:29'),
(608, '4', '2625', '2100', NULL, 'y', NULL, 6, 59, 512, '2017-01-18 05:54:37', '2017-01-18 05:54:37'),
(609, '1', '555', '455', NULL, 'y', NULL, 7, 24, 384, '2017-01-18 05:54:56', '2017-01-18 05:54:56'),
(610, '4', '2625', '2100', NULL, 'y', NULL, 6, 59, 515, '2017-01-18 05:55:09', '2017-01-18 05:55:09'),
(611, '1', '555', '455', NULL, 'y', NULL, 7, 24, 385, '2017-01-18 05:55:23', '2017-01-18 05:55:23'),
(612, '4', '2625', '2100', NULL, 'y', NULL, 6, 59, 518, '2017-01-18 05:55:45', '2017-01-18 05:55:45'),
(613, '1', '555', '455', NULL, 'y', NULL, 7, 24, 386, '2017-01-18 05:55:47', '2017-01-18 05:55:47'),
(614, '1', '555', '455', NULL, 'y', NULL, 7, 24, 387, '2017-01-18 05:56:14', '2017-01-18 05:56:14'),
(615, '1', '555', '455', NULL, 'y', NULL, 7, 24, 388, '2017-01-18 05:56:40', '2017-01-18 05:56:40'),
(616, '1', '555', '455', NULL, 'y', NULL, 7, 24, 389, '2017-01-18 05:57:07', '2017-01-18 05:57:07'),
(617, '1', '555', '455', NULL, 'y', NULL, 7, 24, 390, '2017-01-18 05:57:44', '2017-01-18 05:57:44'),
(618, '1', '705', '564', NULL, 'y', NULL, 6, 59, 494, '2017-01-18 05:57:46', '2017-01-18 05:57:46'),
(619, '1', '555', '455', NULL, 'y', NULL, 7, 24, 391, '2017-01-18 05:58:20', '2017-01-18 05:58:20'),
(620, '1', '705', '564', NULL, 'y', NULL, 6, 59, 496, '2017-01-18 05:58:22', '2017-01-18 05:58:22'),
(621, '1', '555', '455', NULL, 'y', NULL, 7, 24, 392, '2017-01-18 05:58:45', '2017-01-18 05:58:45'),
(622, '1', '705', '564', NULL, 'y', NULL, 6, 59, 499, '2017-01-18 05:58:55', '2017-01-18 05:58:55'),
(623, '1', '705', '564', NULL, 'y', NULL, 6, 59, 502, '2017-01-18 05:59:24', '2017-01-18 05:59:24'),
(624, '1', '555', '455', NULL, 'y', NULL, 7, 24, 393, '2017-01-18 05:59:25', '2017-01-18 05:59:25'),
(625, '1', '555', '455', NULL, 'y', NULL, 7, 24, 394, '2017-01-18 05:59:49', '2017-01-18 05:59:49'),
(626, '1', '705', '564', NULL, 'y', NULL, 6, 59, 504, '2017-01-18 05:59:55', '2017-01-18 05:59:55'),
(627, '1', '555', '455', NULL, 'y', NULL, 7, 24, 395, '2017-01-18 06:00:14', '2017-01-18 06:00:14'),
(628, '1', '705', '564', NULL, 'y', NULL, 6, 59, 507, '2017-01-18 06:00:36', '2017-01-18 06:00:36'),
(629, '1', '555', '455', NULL, 'y', NULL, 7, 24, 396, '2017-01-18 06:00:44', '2017-01-18 06:00:44'),
(630, '1', '705', '564', NULL, 'y', NULL, 6, 59, 510, '2017-01-18 06:01:03', '2017-01-18 06:01:03'),
(631, '1', '555', '455', NULL, 'y', NULL, 7, 24, 397, '2017-01-18 06:01:10', '2017-01-18 06:01:10'),
(632, '1', '705', '564', NULL, 'y', NULL, 6, 59, 512, '2017-01-18 06:01:30', '2017-01-18 06:01:30'),
(633, '1', '555', '455', NULL, 'y', NULL, 7, 24, 398, '2017-01-18 06:01:31', '2017-01-18 06:01:31'),
(634, '1', '555', '455', NULL, 'y', NULL, 7, 24, 399, '2017-01-18 06:01:52', '2017-01-18 06:01:52'),
(635, '1', '705', '564', NULL, 'y', NULL, 6, 59, 515, '2017-01-18 06:01:56', '2017-01-18 06:01:56'),
(636, '1', '705', '564', NULL, 'y', NULL, 6, 59, 518, '2017-01-18 06:02:22', '2017-01-18 06:02:22'),
(637, '1', '555', '455', NULL, 'y', NULL, 7, 24, 401, '2017-01-18 06:02:27', '2017-01-18 06:02:27'),
(638, '1', '555', '455', NULL, 'y', NULL, 7, 24, 402, '2017-01-18 06:02:55', '2017-01-18 06:02:55'),
(639, '1', '555', '455', NULL, 'y', NULL, 7, 24, 403, '2017-01-18 06:03:24', '2017-01-18 06:03:24'),
(640, '1', '555', '455', NULL, 'y', NULL, 7, 24, 404, '2017-01-18 06:03:45', '2017-01-18 06:03:45'),
(641, '4', '2010', '1608', NULL, 'y', NULL, 6, 55, 521, '2017-01-18 06:03:48', '2017-01-18 06:03:48'),
(642, '1', '555', '455', NULL, 'y', NULL, 7, 24, 405, '2017-01-18 06:04:13', '2017-01-18 06:04:13'),
(643, '4', '2010', '1608', NULL, 'y', NULL, 6, 55, 523, '2017-01-18 06:04:19', '2017-01-18 06:04:19'),
(644, '1', '555', '455', NULL, 'y', NULL, 7, 24, 406, '2017-01-18 06:04:33', '2017-01-18 06:04:33'),
(645, '3.64', '1040', '850', NULL, 'y', NULL, 7, 27, 407, '2017-01-18 06:06:44', '2017-01-18 06:06:44'),
(646, '3.64', '1040', '850', NULL, 'y', NULL, 7, 27, 408, '2017-01-18 06:07:52', '2017-01-18 06:07:52'),
(647, '4', '2010', '1608', NULL, 'y', NULL, 6, 55, 525, '2017-01-18 06:08:24', '2017-01-18 06:08:24'),
(648, '4', '2010', '1608', NULL, 'y', NULL, 6, 55, 527, '2017-01-18 06:08:52', '2017-01-18 06:08:52'),
(649, '3.64', '1040', '850', NULL, 'y', NULL, 7, 27, 409, '2017-01-18 06:08:57', '2017-01-18 06:08:57'),
(650, '3.64', '1040', '850', NULL, 'y', NULL, 7, 27, 410, '2017-01-18 06:09:29', '2017-01-18 06:09:29'),
(651, '4', '2010', '1608', NULL, 'y', NULL, 6, 55, 530, '2017-01-18 06:09:31', '2017-01-18 06:09:31'),
(652, '4', '2010', '1608', NULL, 'y', NULL, 6, 55, 533, '2017-01-18 06:10:05', '2017-01-18 06:10:05'),
(653, '3.64', '1040', '850', NULL, 'y', NULL, 7, 27, 411, '2017-01-18 06:10:09', '2017-01-18 06:10:09'),
(654, '4', '2010', '1608', NULL, 'y', NULL, 6, 55, 536, '2017-01-18 06:10:32', '2017-01-18 06:10:32'),
(655, '3.64', '1040', '850', NULL, 'y', NULL, 7, 27, 412, '2017-01-18 06:10:42', '2017-01-18 06:10:42'),
(656, '4', '2010', '1608', NULL, 'y', NULL, 6, 55, 538, '2017-01-18 06:11:16', '2017-01-18 06:11:16'),
(657, '3.64', '1040', '850', NULL, 'y', NULL, 7, 27, 413, '2017-01-18 06:11:38', '2017-01-18 06:11:38'),
(658, '4', '2010', '1608', NULL, 'y', NULL, 6, 55, 541, '2017-01-18 06:11:49', '2017-01-18 06:11:49'),
(659, '3.64', '1040', '850', NULL, 'y', NULL, 7, 27, 414, '2017-01-18 06:12:03', '2017-01-18 06:12:03'),
(660, '4', '2010', '1608', NULL, 'y', NULL, 6, 55, 544, '2017-01-18 06:12:22', '2017-01-18 06:12:22'),
(661, '3.64', '1040', '850', NULL, 'y', NULL, 7, 27, 415, '2017-01-18 06:12:34', '2017-01-18 06:12:34'),
(662, '1', '555', '444', NULL, 'y', NULL, 6, 55, 521, '2017-01-18 06:12:54', '2017-01-18 06:12:54'),
(663, '3.64', '1040', '850', NULL, 'y', NULL, 7, 27, 416, '2017-01-18 06:13:06', '2017-01-18 06:13:06'),
(664, '1', '555', '444', NULL, 'y', NULL, 6, 55, 523, '2017-01-18 06:13:21', '2017-01-18 06:13:21'),
(665, '1', '555', '444', NULL, 'y', NULL, 6, 55, 525, '2017-01-18 06:13:47', '2017-01-18 06:13:47'),
(666, '3.64', '1040', '850', NULL, 'y', NULL, 7, 27, 417, '2017-01-18 06:13:57', '2017-01-18 06:13:57'),
(667, '1', '555', '444', NULL, 'y', NULL, 6, 55, 527, '2017-01-18 06:14:14', '2017-01-18 06:14:14'),
(668, '1', '555', '444', NULL, 'y', NULL, 6, 55, 530, '2017-01-18 06:14:41', '2017-01-18 06:14:41'),
(669, '3.64', '1040', '850', NULL, 'y', NULL, 7, 27, 418, '2017-01-18 06:14:46', '2017-01-18 06:14:46'),
(670, '3.64', '1040', '850', NULL, 'y', NULL, 7, 27, 419, '2017-01-18 06:15:26', '2017-01-18 06:15:26'),
(671, '1', '555', '444', NULL, 'y', NULL, 6, 55, 533, '2017-01-18 06:15:29', '2017-01-18 06:15:29'),
(672, '3.64', '1040', '850', NULL, 'y', NULL, 7, 27, 420, '2017-01-18 06:15:52', '2017-01-18 06:15:52'),
(673, '1', '555', '444', NULL, 'y', NULL, 6, 55, 536, '2017-01-18 06:15:57', '2017-01-18 06:15:57'),
(674, '1', '555', '444', NULL, 'y', NULL, 6, 55, 538, '2017-01-18 06:16:25', '2017-01-18 06:16:25'),
(675, '3.64', '1040', '850', NULL, 'y', NULL, 7, 27, 421, '2017-01-18 06:16:53', '2017-01-18 06:16:53'),
(676, '1', '555', '444', NULL, 'y', NULL, 6, 55, 541, '2017-01-18 06:16:54', '2017-01-18 06:16:54'),
(677, '1', '555', '444', NULL, 'y', NULL, 6, 55, 544, '2017-01-18 06:17:21', '2017-01-18 06:17:21'),
(678, '3.64', '1040', '850', NULL, 'y', NULL, 7, 27, 422, '2017-01-18 06:17:33', '2017-01-18 06:17:33'),
(679, '16', '7790', '6232', NULL, 'y', NULL, 6, 55, 521, '2017-01-18 06:18:05', '2017-01-18 06:18:05'),
(680, '3.64', '1040', '850', NULL, 'y', NULL, 7, 27, 423, '2017-01-18 06:18:12', '2017-01-18 06:18:12'),
(681, '3.64', '1040', '850', NULL, 'y', NULL, 7, 27, 424, '2017-01-18 06:18:44', '2017-01-18 06:18:44'),
(682, '3.64', '1040', '850', NULL, 'y', NULL, 7, 27, 425, '2017-01-18 06:19:18', '2017-01-18 06:19:18'),
(683, '3.64', '1040', '850', NULL, 'y', NULL, 7, 27, 426, '2017-01-18 06:20:00', '2017-01-18 06:20:00'),
(684, '3.64', '1040', '850', NULL, 'y', NULL, 7, 27, 427, '2017-01-18 06:20:43', '2017-01-18 06:20:43'),
(685, '3.64', '1040', '850', NULL, 'y', NULL, 7, 27, 428, '2017-01-18 06:21:11', '2017-01-18 06:21:11'),
(686, '3.64', '1040', '850', NULL, 'y', NULL, 7, 27, 429, '2017-01-18 06:21:39', '2017-01-18 06:21:39'),
(687, '3.64', '1040', '850', NULL, 'y', NULL, 7, 27, 430, '2017-01-18 06:22:11', '2017-01-18 06:22:11'),
(688, '3.64', '1040', '850', NULL, 'y', NULL, 7, 27, 431, '2017-01-18 06:22:39', '2017-01-18 06:22:39'),
(689, '0.91', '305', '250', NULL, 'y', NULL, 7, 27, 407, '2017-01-18 06:23:28', '2017-01-18 06:23:28'),
(690, '0.91', '305', '250', NULL, 'y', NULL, 7, 27, 408, '2017-01-18 06:23:57', '2017-01-18 06:23:57'),
(691, '0.91', '305', '250', NULL, 'y', NULL, 7, 24, 384, '2017-01-18 06:24:33', '2017-01-18 06:24:33'),
(692, '0.91', '305', '250', NULL, 'y', NULL, 7, 27, 409, '2017-01-18 06:26:41', '2017-01-18 06:26:41'),
(693, '0.91', '305', '250', NULL, 'y', NULL, 7, 27, 410, '2017-01-18 06:27:16', '2017-01-18 06:27:16'),
(694, '0.91', '305', '250', NULL, 'y', NULL, 7, 27, 411, '2017-01-18 06:27:46', '2017-01-18 06:27:46'),
(695, '0.91', '305', '250', NULL, 'y', NULL, 7, 27, 412, '2017-01-18 06:28:45', '2017-01-18 06:28:45'),
(696, '0.91', '305', '250', NULL, 'y', NULL, 7, 27, 419, '2017-01-18 06:31:48', '2017-01-18 06:31:48'),
(697, '0.91', '305', '25', NULL, 'y', NULL, 7, 27, 414, '2017-01-18 06:32:30', '2017-01-18 06:32:30'),
(698, '0.91', '305', '250', NULL, 'y', NULL, 7, 27, 415, '2017-01-18 06:34:26', '2017-01-18 06:34:26'),
(699, '0.91', '305', '250', NULL, 'y', NULL, 7, 27, 416, '2017-01-18 06:35:52', '2017-01-18 06:35:52'),
(700, '0.91', '305', '250', NULL, 'y', NULL, 7, 27, 417, '2017-01-18 06:36:23', '2017-01-18 06:36:23'),
(701, '0.91', '305', '250', NULL, 'y', NULL, 7, 27, 418, '2017-01-18 06:37:14', '2017-01-18 06:37:14'),
(702, '0.91', '305', '250', NULL, 'y', NULL, 7, 27, 419, '2017-01-18 06:37:43', '2017-01-18 06:37:43'),
(703, '4', '2115', '1692', NULL, 'y', NULL, 6, 57, 548, '2017-01-18 06:37:45', '2017-01-18 06:37:45'),
(704, '4', '2115', '1692', NULL, 'y', NULL, 6, 57, 551, '2017-01-18 06:38:20', '2017-01-18 06:38:20'),
(705, '0.91', '305', '250', NULL, 'y', NULL, 7, 27, 420, '2017-01-18 06:38:21', '2017-01-18 06:38:21'),
(706, '4', '2115', '1692', NULL, 'y', NULL, 6, 57, 553, '2017-01-18 06:38:48', '2017-01-18 06:38:48'),
(707, '0.91', '305', '250', NULL, 'y', NULL, 7, 27, 421, '2017-01-18 06:38:50', '2017-01-18 06:38:50'),
(708, '4', '2115', '1692', NULL, 'y', NULL, 6, 57, 555, '2017-01-18 06:39:14', '2017-01-18 06:39:14'),
(709, '0.91', '305', '250', NULL, 'y', NULL, 7, 27, 422, '2017-01-18 06:39:18', '2017-01-18 06:39:18'),
(710, '4', '2115', '1692', NULL, 'y', NULL, 6, 57, 557, '2017-01-18 06:39:44', '2017-01-18 06:39:44'),
(711, '0.91', '305', '250', NULL, 'y', NULL, 7, 27, 423, '2017-01-18 06:39:58', '2017-01-18 06:39:58'),
(712, '0.91', '305', '25', NULL, 'y', NULL, 7, 27, 424, '2017-01-18 06:40:23', '2017-01-18 06:40:23'),
(713, '4', '2115', '1692', NULL, 'y', NULL, 6, 57, 560, '2017-01-18 06:40:45', '2017-01-18 06:40:45'),
(714, '0.91', '305', '250', NULL, 'y', NULL, 7, 27, 425, '2017-01-18 06:40:47', '2017-01-18 06:40:47'),
(715, '4', '2115', '1692', NULL, 'y', NULL, 6, 57, 561, '2017-01-18 06:41:10', '2017-01-18 06:41:10'),
(716, '0.91', '305', '250', NULL, 'y', NULL, 7, 27, 426, '2017-01-18 06:41:10', '2017-01-18 06:41:10'),
(717, '0.91', '305', '250', NULL, 'y', NULL, 7, 27, 427, '2017-01-18 06:41:39', '2017-01-18 06:41:39'),
(718, '4', '2115', '1692', NULL, 'y', NULL, 6, 57, 564, '2017-01-18 06:41:39', '2017-01-18 06:41:39'),
(719, '4', '2115', '1692', NULL, 'y', NULL, 6, 57, 567, '2017-01-18 06:42:14', '2017-01-18 06:42:14'),
(720, '0.91', '305', '250', NULL, 'y', NULL, 7, 27, 428, '2017-01-18 06:42:17', '2017-01-18 06:42:17'),
(721, '4', '2115', '1692', NULL, 'y', NULL, 6, 57, 569, '2017-01-18 06:42:43', '2017-01-18 06:42:43'),
(722, '0.91', '305', '250', NULL, 'y', NULL, 7, 27, 429, '2017-01-18 06:42:59', '2017-01-18 06:42:59'),
(723, '4', '2115', '1692', NULL, 'y', NULL, 6, 57, 572, '2017-01-18 06:43:19', '2017-01-18 06:43:19'),
(724, '0.91', '305', '250', NULL, 'y', NULL, 7, 27, 430, '2017-01-18 06:43:31', '2017-01-18 06:43:31'),
(725, '4', '2115', '1692', NULL, 'y', NULL, 6, 57, 574, '2017-01-18 06:43:51', '2017-01-18 06:43:51'),
(726, '0.91', '305', '250', NULL, 'y', NULL, 7, 27, 431, '2017-01-18 06:43:54', '2017-01-18 06:43:54'),
(727, '3.64', '1550', '1250', NULL, 'y', NULL, 7, 28, 432, '2017-01-18 06:45:46', '2017-01-18 06:45:46'),
(728, '4', '2115', '1692', NULL, 'y', NULL, 6, 57, 576, '2017-01-18 06:46:18', '2017-01-18 06:46:18'),
(729, '3.64', '1550', '1250', NULL, 'y', NULL, 7, 28, 433, '2017-01-18 06:46:31', '2017-01-18 06:46:31'),
(730, '4', '2115', '1692', NULL, 'y', NULL, 6, 57, 579, '2017-01-18 06:46:47', '2017-01-18 06:46:47'),
(731, '3.64', '1550', '1250', NULL, 'y', NULL, 7, 28, 434, '2017-01-18 06:47:03', '2017-01-18 06:47:03'),
(732, '4', '2115', '1692', NULL, 'y', NULL, 6, 57, 581, '2017-01-18 06:47:14', '2017-01-18 06:47:14'),
(733, '3.64', '1550', '1250', NULL, 'y', NULL, 7, 28, 435, '2017-01-18 06:47:54', '2017-01-18 06:47:54'),
(734, '1', '595', '476', NULL, 'y', NULL, 6, 57, 548, '2017-01-18 06:48:19', '2017-01-18 06:48:19'),
(735, '3.64', '1550', '1250', NULL, 'y', NULL, 7, 28, 436, '2017-01-18 06:48:26', '2017-01-18 06:48:26'),
(736, '1', '595', '476', NULL, 'y', NULL, 6, 57, 551, '2017-01-18 06:48:55', '2017-01-18 06:48:55'),
(737, '3.64', '1550', '1250', NULL, 'y', NULL, 7, 28, 437, '2017-01-18 06:49:03', '2017-01-18 06:49:03'),
(738, '1', '595', '476', NULL, 'y', NULL, 6, 57, 553, '2017-01-18 06:49:24', '2017-01-18 06:49:24'),
(739, '3.64', '1550', '1250', NULL, 'y', NULL, 7, 28, 438, '2017-01-18 06:49:26', '2017-01-18 06:49:26'),
(740, '1', '595', '476', NULL, 'y', NULL, 6, 57, 555, '2017-01-18 06:49:48', '2017-01-18 06:49:48'),
(741, '3.64', '1550', '1250', NULL, 'y', NULL, 7, 28, 439, '2017-01-18 06:50:00', '2017-01-18 06:50:00'),
(742, '1', '595', '476', NULL, 'y', NULL, 6, 57, 557, '2017-01-18 06:50:16', '2017-01-18 06:50:16'),
(743, '3.64', '1550', '1250', NULL, 'y', NULL, 7, 28, 440, '2017-01-18 06:50:30', '2017-01-18 06:50:30'),
(744, '1', '595', '476', NULL, 'y', NULL, 6, 57, 560, '2017-01-18 06:51:15', '2017-01-18 06:51:15'),
(745, '3.64', '1550', '1250', NULL, 'y', NULL, 7, 28, 441, '2017-01-18 06:51:34', '2017-01-18 06:51:34'),
(746, '1', '595', '476', NULL, 'y', NULL, 6, 57, 561, '2017-01-18 06:51:41', '2017-01-18 06:51:41'),
(747, '1', '595', '476', NULL, 'y', NULL, 6, 57, 564, '2017-01-18 06:52:09', '2017-01-18 06:52:09'),
(748, '3.64', '1550', '1250', NULL, 'y', NULL, 7, 28, 442, '2017-01-18 06:52:12', '2017-01-18 06:52:12'),
(749, '3.64', '1550', '1250', NULL, 'y', NULL, 7, 28, 443, '2017-01-18 06:52:39', '2017-01-18 06:52:39'),
(750, '1', '595', '476', NULL, 'y', NULL, 6, 57, 567, '2017-01-18 06:52:41', '2017-01-18 06:52:41'),
(751, '3.64', '1550', '1250', NULL, 'y', NULL, 7, 28, 444, '2017-01-18 06:53:16', '2017-01-18 06:53:16'),
(752, '1', '595', '476', NULL, 'y', NULL, 6, 57, 569, '2017-01-18 06:53:16', '2017-01-18 06:53:16'),
(753, '3.64', '1550', '1250', NULL, 'y', NULL, 7, 28, 445, '2017-01-18 06:53:49', '2017-01-18 06:53:49'),
(754, '1', '595', '476', NULL, 'y', NULL, 6, 57, 572, '2017-01-18 06:53:59', '2017-01-18 06:53:59'),
(755, '1', '595', '476', NULL, 'y', NULL, 6, 57, 574, '2017-01-18 06:54:27', '2017-01-18 06:54:27'),
(756, '3.64', '1550', '1250', NULL, 'y', NULL, 7, 28, 446, '2017-01-18 06:54:42', '2017-01-18 06:54:42'),
(757, '1', '595', '476', NULL, 'y', NULL, 6, 57, 576, '2017-01-18 06:54:55', '2017-01-18 06:54:55'),
(758, '3.64', '1550', '1250', NULL, 'y', NULL, 7, 28, 447, '2017-01-18 06:55:10', '2017-01-18 06:55:10'),
(759, '1', '595', '476', NULL, 'y', NULL, 6, 57, 579, '2017-01-18 06:55:26', '2017-01-18 06:55:26'),
(760, '3.64', '1550', '1250', NULL, 'y', NULL, 7, 28, 448, '2017-01-18 06:55:39', '2017-01-18 06:55:39'),
(761, '1', '595', '476', NULL, 'y', NULL, 6, 57, 581, '2017-01-18 06:55:54', '2017-01-18 06:55:54'),
(762, '3.64', '1550', '1250', NULL, 'y', NULL, 7, 28, 449, '2017-01-18 06:56:25', '2017-01-18 06:56:25'),
(763, '3.64', '1550', '1250', NULL, 'y', NULL, 7, 28, 450, '2017-01-18 06:56:54', '2017-01-18 06:56:54'),
(764, '16', '8210', '6568', NULL, 'y', NULL, 6, 57, 555, '2017-01-18 06:57:03', '2017-01-18 06:57:03'),
(765, '3.64', '1550', '1250', NULL, 'y', NULL, 7, 28, 451, '2017-01-18 06:57:27', '2017-01-18 06:57:27'),
(766, '16', '8210', '6568', NULL, 'y', NULL, 6, 57, 561, '2017-01-18 06:57:42', '2017-01-18 06:57:42'),
(767, '3.64', '1550', '1250', NULL, 'y', NULL, 7, 28, 452, '2017-01-18 06:58:02', '2017-01-18 06:58:02'),
(768, '16', '8210', '6568', NULL, 'y', NULL, 6, 57, 576, '2017-01-18 06:58:08', '2017-01-18 06:58:08'),
(769, '3.64', '1550', '1250', NULL, 'y', NULL, 7, 28, 453, '2017-01-18 06:58:41', '2017-01-18 06:58:41'),
(770, '3.64', '1550', '1250', NULL, 'y', NULL, 7, 28, 454, '2017-01-18 06:59:21', '2017-01-18 06:59:21'),
(771, '3.64', '1550', '1250', NULL, 'y', NULL, 7, 28, 455, '2017-01-18 06:59:44', '2017-01-18 06:59:44'),
(772, '3.64', '1040', '832', NULL, 'y', NULL, 6, 53, 462, '2017-01-18 07:00:17', '2017-01-18 07:00:17'),
(773, '3.64', '1550', '1250', NULL, 'y', NULL, 7, 28, 456, '2017-01-18 07:00:19', '2017-01-18 07:00:19'),
(774, '3.64', '1550', '1250', NULL, 'y', NULL, 7, 28, 457, '2017-01-18 07:00:47', '2017-01-18 07:00:47'),
(775, '3.64', '1040', '832', NULL, 'y', NULL, 6, 53, 463, '2017-01-18 07:00:52', '2017-01-18 07:00:52'),
(777, '3.64', '1040', '832', NULL, 'y', NULL, 6, 53, 464, '2017-01-18 07:06:22', '2017-01-18 07:06:22'),
(778, '3.64', '1550', '1250', NULL, 'y', NULL, 7, 28, 458, '2017-01-18 07:06:47', '2017-01-18 07:06:47'),
(779, '3.64', '1040', '832', NULL, 'y', NULL, 6, 53, 465, '2017-01-18 07:07:08', '2017-01-18 07:07:08'),
(780, '3.64', '1550', '1250', NULL, 'y', NULL, 7, 28, 459, '2017-01-18 07:07:25', '2017-01-18 07:07:25'),
(781, '3.64', '1040', '832', NULL, 'y', NULL, 6, 53, 466, '2017-01-18 07:07:37', '2017-01-18 07:07:37'),
(782, '3.64', '1550', '1250', NULL, 'y', NULL, 7, 28, 460, '2017-01-18 07:07:55', '2017-01-18 07:07:55'),
(783, '3.64', '1040', '832', NULL, 'y', NULL, 6, 53, 467, '2017-01-18 07:08:05', '2017-01-18 07:08:05'),
(784, '3.64', '1550', '1250', NULL, 'y', NULL, 7, 28, 461, '2017-01-18 07:08:24', '2017-01-18 07:08:24'),
(785, '3.64', '1040', '832', NULL, 'y', NULL, 6, 53, 468, '2017-01-18 07:09:16', '2017-01-18 07:09:16'),
(786, '3.64', '1040', '832', NULL, 'y', NULL, 6, 53, 469, '2017-01-18 07:10:46', '2017-01-18 07:10:46'),
(787, '0.91', '410', '340', NULL, 'y', NULL, 7, 28, 432, '2017-01-18 07:11:05', '2017-01-18 07:11:05'),
(788, '3.64', '1040', '832', NULL, 'y', NULL, 6, 53, 470, '2017-01-18 07:11:37', '2017-01-18 07:11:37'),
(789, '0.91', '410', '340', NULL, 'y', NULL, 7, 28, 433, '2017-01-18 07:11:54', '2017-01-18 07:11:54'),
(790, '3.64', '1040', '832', NULL, 'y', NULL, 6, 53, 471, '2017-01-18 07:12:09', '2017-01-18 07:12:09'),
(791, '0.91', '410', '340', NULL, 'y', NULL, 7, 28, 434, '2017-01-18 07:12:22', '2017-01-18 07:12:22'),
(792, '0.91', '410', '340', NULL, 'y', NULL, 7, 28, 435, '2017-01-18 07:12:49', '2017-01-18 07:12:49'),
(793, '3.64', '1040', '832', NULL, 'y', NULL, 6, 53, 472, '2017-01-18 07:12:49', '2017-01-18 07:12:49'),
(794, '0.91', '410', '340', NULL, 'y', NULL, 7, 28, 436, '2017-01-18 07:13:14', '2017-01-18 07:13:14'),
(795, '3.64', '1040', '832', NULL, 'y', NULL, 6, 53, 473, '2017-01-18 07:13:23', '2017-01-18 07:13:23'),
(796, '3.64', '1040', '832', NULL, 'y', NULL, 6, 53, 474, '2017-01-18 07:13:50', '2017-01-18 07:13:50'),
(797, '0.91', '410', '340', NULL, 'y', NULL, 7, 28, 437, '2017-01-18 07:13:55', '2017-01-18 07:13:55'),
(798, '0.91', '410', '340', NULL, 'y', NULL, 7, 28, 438, '2017-01-18 07:14:20', '2017-01-18 07:14:20'),
(799, '3.64', '1040', '832', NULL, 'y', NULL, 6, 53, 475, '2017-01-18 07:14:24', '2017-01-18 07:14:24'),
(800, '0.91', '410', '340', NULL, 'y', NULL, 7, 28, 439, '2017-01-18 07:14:51', '2017-01-18 07:14:51'),
(801, '3.64', '1040', '832', NULL, 'y', NULL, 6, 53, 476, '2017-01-18 07:15:01', '2017-01-18 07:15:01'),
(802, '3.64', '1040', '832', NULL, 'y', NULL, 6, 53, 477, '2017-01-18 07:15:25', '2017-01-18 07:15:25'),
(803, '0.91', '410', '340', NULL, 'y', NULL, 7, 28, 440, '2017-01-18 07:15:26', '2017-01-18 07:15:26'),
(804, '3.64', '1040', '832', NULL, 'y', NULL, 6, 53, 481, '2017-01-18 07:15:53', '2017-01-18 07:15:53'),
(805, '0.91', '410', '340', NULL, 'y', NULL, 7, 28, 441, '2017-01-18 07:15:56', '2017-01-18 07:15:56'),
(806, '3.64', '1040', '832', NULL, 'y', NULL, 6, 53, 483, '2017-01-18 07:16:28', '2017-01-18 07:16:28'),
(807, '0.91', '410', '34', NULL, 'y', NULL, 7, 28, 442, '2017-01-18 07:16:44', '2017-01-18 07:16:44'),
(808, '0.91', '305', '244', NULL, 'y', NULL, 6, 53, 462, '2017-01-18 07:17:30', '2017-01-18 07:17:30'),
(809, '0.91', '410', '340', NULL, 'y', NULL, 7, 28, 443, '2017-01-18 07:17:32', '2017-01-18 07:17:32'),
(810, '0.91', '305', '244', NULL, 'y', NULL, 6, 53, 463, '2017-01-18 07:18:01', '2017-01-18 07:18:01'),
(811, '0.91', '410', '340', NULL, 'y', NULL, 7, 28, 444, '2017-01-18 07:18:40', '2017-01-18 07:18:40'),
(812, '0.91', '305', '244', NULL, 'y', NULL, 6, 53, 464, '2017-01-18 07:18:42', '2017-01-18 07:18:42'),
(813, '0.91', '305', '244', NULL, 'y', NULL, 6, 53, 465, '2017-01-18 07:19:27', '2017-01-18 07:19:27'),
(814, '0.91', '305', '244', NULL, 'y', NULL, 6, 53, 466, '2017-01-18 07:19:59', '2017-01-18 07:19:59'),
(815, '0.91', '305', '244', NULL, 'y', NULL, 6, 53, 467, '2017-01-18 07:20:57', '2017-01-18 07:20:57'),
(816, '0.91', '410', '340', NULL, 'y', NULL, 7, 28, 445, '2017-01-18 07:21:11', '2017-01-18 07:21:11'),
(817, '0.91', '305', '244', NULL, 'y', NULL, 6, 53, 468, '2017-01-18 07:22:27', '2017-01-18 07:22:27'),
(818, '0.91', '305', '244', NULL, 'y', NULL, 6, 53, 469, '2017-01-18 07:22:55', '2017-01-18 07:22:55'),
(819, '0.91', '410', '340', NULL, 'y', NULL, 7, 28, 446, '2017-01-18 07:23:22', '2017-01-18 07:23:22'),
(820, '0.91', '305', '244', NULL, 'y', NULL, 6, 53, 470, '2017-01-18 07:23:23', '2017-01-18 07:23:23'),
(821, '0.91', '305', '244', NULL, 'y', NULL, 6, 53, 471, '2017-01-18 07:23:57', '2017-01-18 07:23:57'),
(822, '0.91', '410', '340', NULL, 'y', NULL, 7, 28, 447, '2017-01-18 07:24:30', '2017-01-18 07:24:30'),
(823, '0.91', '305', '244', NULL, 'y', NULL, 6, 53, 472, '2017-01-18 07:24:36', '2017-01-18 07:24:36'),
(824, '0.91', '305', '244', NULL, 'y', NULL, 6, 53, 473, '2017-01-18 07:25:14', '2017-01-18 07:25:14'),
(825, '0.91', '305', '244', NULL, 'y', NULL, 6, 53, 474, '2017-01-18 07:25:48', '2017-01-18 07:25:48'),
(826, '0.91', '305', '244', NULL, 'y', NULL, 6, 53, 475, '2017-01-18 07:26:29', '2017-01-18 07:26:29'),
(827, '0.91', '410', '340', NULL, 'y', NULL, 7, 28, 448, '2017-01-18 07:26:53', '2017-01-18 07:26:53'),
(828, '0.91', '305', '244', NULL, 'y', NULL, 6, 53, 476, '2017-01-18 07:27:06', '2017-01-18 07:27:06'),
(829, '0.91', '305', '244', NULL, 'y', NULL, 6, 53, 477, '2017-01-18 07:27:37', '2017-01-18 07:27:37'),
(830, '0.91', '305', '244', NULL, 'y', NULL, 6, 53, 481, '2017-01-18 07:28:28', '2017-01-18 07:28:28'),
(831, '0.91', '410', '340', NULL, 'y', NULL, 7, 28, 449, '2017-01-18 07:29:02', '2017-01-18 07:29:02'),
(832, '0.91', '305', '244', NULL, 'y', NULL, 6, 53, 483, '2017-01-18 07:29:13', '2017-01-18 07:29:13'),
(833, '0.91', '410', '340', NULL, 'y', NULL, 7, 28, 450, '2017-01-18 07:29:27', '2017-01-18 07:29:27'),
(834, '0.91', '410', '340', NULL, 'y', NULL, 7, 28, 451, '2017-01-18 07:29:55', '2017-01-18 07:29:55'),
(835, '14.56', '3950', '3160', NULL, 'y', NULL, 6, 53, 462, '2017-01-18 07:30:33', '2017-01-18 07:30:33'),
(836, '0.91', '410', '340', NULL, 'y', NULL, 7, 28, 452, '2017-01-18 07:30:37', '2017-01-18 07:30:37'),
(837, '0.91', '410', '340', NULL, 'y', NULL, 7, 28, 453, '2017-01-18 07:31:12', '2017-01-18 07:31:12'),
(838, '14.56', '3950', '3160', NULL, 'y', NULL, 6, 53, 467, '2017-01-18 07:31:21', '2017-01-18 07:31:21'),
(839, '0.91', '410', '340', NULL, 'y', NULL, 7, 28, 454, '2017-01-18 07:31:45', '2017-01-18 07:31:45'),
(840, '14.56', '3950', '3160', NULL, 'y', NULL, 6, 53, 469, '2017-01-18 07:32:14', '2017-01-18 07:32:14'),
(841, '0.91', '410', '340', NULL, 'y', NULL, 7, 28, 455, '2017-01-18 07:32:17', '2017-01-18 07:32:17'),
(842, '0.91', '410', '340', NULL, 'y', NULL, 7, 28, 456, '2017-01-18 07:34:37', '2017-01-18 07:34:37'),
(843, '0.91', '410', '340', NULL, 'y', NULL, 7, 28, 457, '2017-01-18 07:35:06', '2017-01-18 07:35:06'),
(844, '0.91', '410', '340', NULL, 'y', NULL, 7, 28, 458, '2017-01-18 07:35:49', '2017-01-18 07:35:49'),
(845, '0.91', '410', '340', NULL, 'y', NULL, 7, 28, 459, '2017-01-18 07:36:26', '2017-01-18 07:36:26'),
(846, '0.91', '410', '340', NULL, 'y', NULL, 7, 28, 460, '2017-01-18 07:37:05', '2017-01-18 07:37:05'),
(847, '0.91', '410', '340', NULL, 'y', NULL, 7, 28, 461, '2017-01-18 07:38:04', '2017-01-18 07:38:04'),
(848, '3.64', '2406.46', '2118', NULL, 'y', NULL, 3, 36, 614, '2017-01-19 03:11:34', '2017-01-19 03:11:34'),
(849, '3.64', '2406.46', '2118', NULL, 'y', NULL, 3, 36, 616, '2017-01-19 03:13:10', '2017-01-19 03:13:10'),
(850, '3.64', '2258.30', '1987', NULL, 'y', NULL, 3, 40, 632, '2017-01-19 03:13:55', '2017-01-19 03:13:55'),
(851, '3.64', '2406.46', '2118', NULL, 'y', NULL, 3, 36, 617, '2017-01-19 03:13:56', '2017-01-19 03:13:56'),
(852, '3.64', '2406.46', '2118', NULL, 'y', NULL, 3, 36, 618, '2017-01-19 03:14:45', '2017-01-19 03:14:45'),
(853, '3.64', '2258.30', '1987', NULL, 'y', NULL, 3, 40, 632, '2017-01-19 03:15:01', '2017-01-19 03:15:01'),
(854, '3.64', '2406.46', '2118', NULL, 'y', NULL, 3, 36, 619, '2017-01-19 03:15:27', '2017-01-19 03:15:27'),
(855, '3.64', '2406.46', '2118', NULL, 'y', NULL, 3, 36, 620, '2017-01-19 03:16:24', '2017-01-19 03:16:24'),
(856, '3.64', '2406.46', '2118', NULL, 'y', NULL, 3, 36, 621, '2017-01-19 03:16:59', '2017-01-19 03:16:59'),
(857, '3.64', '2406.46', '2118', NULL, 'y', NULL, 3, 36, 622, '2017-01-19 03:17:39', '2017-01-19 03:17:39'),
(858, '3.64', '2258.30', '1987', NULL, 'y', NULL, 3, 40, 633, '2017-01-19 03:18:04', '2017-01-19 03:18:04'),
(859, '3.64', '2406.46', '2118', NULL, 'y', NULL, 3, 36, 623, '2017-01-19 03:18:26', '2017-01-19 03:18:26'),
(860, '3.64', '2258.30', '1987', NULL, 'y', NULL, 3, 40, 634, '2017-01-19 03:18:32', '2017-01-19 03:18:32'),
(861, '3.64', '2258.30', '1987', NULL, 'y', NULL, 3, 40, 635, '2017-01-19 03:19:10', '2017-01-19 03:19:10'),
(862, '3.64', '2406.46', '2118', NULL, 'y', NULL, 3, 36, 625, '2017-01-19 03:19:21', '2017-01-19 03:19:21'),
(863, '3.64', '2258.30', '1987', NULL, 'y', NULL, 3, 40, 637, '2017-01-19 03:19:42', '2017-01-19 03:19:42'),
(864, '3.64', '2406.46', '2118', NULL, 'y', NULL, 3, 36, 626, '2017-01-19 03:19:53', '2017-01-19 03:19:53'),
(865, '3.64', '2258.30', '1987', NULL, 'y', NULL, 3, 40, 639, '2017-01-19 03:20:09', '2017-01-19 03:20:09'),
(866, '3.64', '2406.46', '2118', NULL, 'y', NULL, 3, 36, 627, '2017-01-19 03:20:22', '2017-01-19 03:20:22'),
(867, '3.64', '2258.30', '1987', NULL, 'y', NULL, 3, 40, 641, '2017-01-19 03:20:39', '2017-01-19 03:20:39'),
(868, '3.64', '2406.46', '2118', NULL, 'y', NULL, 3, 36, 628, '2017-01-19 03:20:46', '2017-01-19 03:20:46'),
(869, '3.64', '2258.30', '1987', NULL, 'y', NULL, 3, 40, 643, '2017-01-19 03:21:11', '2017-01-19 03:21:11'),
(870, '3.64', '2406.46', '2118', NULL, 'y', NULL, 3, 36, 629, '2017-01-19 03:21:15', '2017-01-19 03:21:15'),
(871, '3.64', '2258.30', '1987', NULL, 'y', NULL, 3, 40, 645, '2017-01-19 03:22:02', '2017-01-19 03:22:02'),
(872, '3.64', '2258.30', '1987', NULL, 'y', NULL, 3, 40, 647, '2017-01-19 03:22:27', '2017-01-19 03:22:27'),
(873, '3.64', '2258.30', '1987', NULL, 'y', NULL, 3, 40, 648, '2017-01-19 03:23:00', '2017-01-19 03:23:00'),
(874, '3.64', '2258.30', '1987', NULL, 'y', NULL, 3, 40, 650, '2017-01-19 03:23:29', '2017-01-19 03:23:29'),
(875, '0.91', '633.55', '558', NULL, 'y', NULL, 3, 36, 614, '2017-01-19 03:23:37', '2017-01-19 03:23:37'),
(876, '3.64', '2258.30', '1987', NULL, 'y', NULL, 3, 40, 652, '2017-01-19 03:24:20', '2017-01-19 03:24:20'),
(877, '3.64', '2258.30', '1987', NULL, 'y', NULL, 3, 40, 653, '2017-01-19 03:24:53', '2017-01-19 03:24:53'),
(878, '0.91', '633.55', '558', NULL, 'y', NULL, 3, 36, 616, '2017-01-19 03:24:59', '2017-01-19 03:24:59'),
(879, '3.64', '2258.30', '1987', NULL, 'y', NULL, 3, 40, 655, '2017-01-19 03:25:14', '2017-01-19 03:25:14'),
(880, '0.91', '633.55', '558', NULL, 'y', NULL, 3, 36, 617, '2017-01-19 03:25:23', '2017-01-19 03:25:23'),
(881, '3.64', '2258.30', '1987', NULL, 'y', NULL, 3, 40, 656, '2017-01-19 03:25:42', '2017-01-19 03:25:42'),
(882, '0.91', '633.55', '558', NULL, 'y', NULL, 3, 36, 618, '2017-01-19 03:26:11', '2017-01-19 03:26:11'),
(883, '3.64', '2258.30', '1987', NULL, 'y', NULL, 3, 40, 657, '2017-01-19 03:26:21', '2017-01-19 03:26:21'),
(884, '3.64', '2258.30', '1987', NULL, 'y', NULL, 3, 40, 659, '2017-01-19 03:26:50', '2017-01-19 03:26:50'),
(885, '3.64', '2218.33', '1770', NULL, 'y', NULL, 9, 1, 185, '2017-01-19 03:26:53', '2017-01-19 03:26:53'),
(886, '0.91', '633.55', '558', NULL, 'y', NULL, 3, 36, 619, '2017-01-19 03:26:59', '2017-01-19 03:26:59'),
(887, '3.64', '2258.30', '1987', NULL, 'y', NULL, 3, 40, 660, '2017-01-19 03:27:09', '2017-01-19 03:27:09'),
(888, '0.91', '633.55', '558', NULL, 'y', NULL, 3, 36, 620, '2017-01-19 03:27:23', '2017-01-19 03:27:23'),
(889, '3.64', '2258.30', '1987', NULL, 'y', NULL, 3, 40, 662, '2017-01-19 03:27:28', '2017-01-19 03:27:28'),
(890, '0.91', '633.55', '558', NULL, 'y', NULL, 3, 36, 621, '2017-01-19 03:27:46', '2017-01-19 03:27:46'),
(891, '3.64', '2258.30', '1987', NULL, 'y', NULL, 3, 40, 663, '2017-01-19 03:27:48', '2017-01-19 03:27:48'),
(892, '3.64', '2218.33', '1770', NULL, 'y', NULL, 9, 1, 186, '2017-01-19 03:27:48', '2017-01-19 03:27:48'),
(893, '0.91', '633.55', '558', NULL, 'y', NULL, 3, 36, 622, '2017-01-19 03:28:18', '2017-01-19 03:28:18'),
(894, '0.91', '592.68', '522', NULL, 'y', NULL, 3, 40, 632, '2017-01-19 03:28:31', '2017-01-19 03:28:31'),
(895, '3.64', '2218.33', '1770', NULL, 'y', NULL, 9, 1, 187, '2017-01-19 03:28:34', '2017-01-19 03:28:34'),
(896, '0.91', '633.55', '558', NULL, 'y', NULL, 3, 36, 623, '2017-01-19 03:28:51', '2017-01-19 03:28:51'),
(897, '0.91', '592.68', '522', NULL, 'y', NULL, 3, 40, 633, '2017-01-19 03:29:00', '2017-01-19 03:29:00'),
(898, '3.64', '2218.33', '1770', NULL, 'y', NULL, 9, 1, 188, '2017-01-19 03:29:09', '2017-01-19 03:29:09'),
(899, '0.91', '633.55', '558', NULL, 'y', NULL, 3, 36, 625, '2017-01-19 03:29:19', '2017-01-19 03:29:19'),
(900, '0.91', '592.68', '522', NULL, 'y', NULL, 3, 40, 634, '2017-01-19 03:29:27', '2017-01-19 03:29:27'),
(901, '0.91', '633.55', '558', NULL, 'y', NULL, 3, 36, 626, '2017-01-19 03:29:44', '2017-01-19 03:29:44'),
(902, '3.64', '2218.33', '1770', NULL, 'y', NULL, 9, 1, 189, '2017-01-19 03:29:45', '2017-01-19 03:29:45'),
(903, '0.91', '592.68', '522', NULL, 'y', NULL, 3, 40, 635, '2017-01-19 03:30:07', '2017-01-19 03:30:07'),
(904, '3.64', '2218.33', '1770', NULL, 'y', NULL, 9, 1, 190, '2017-01-19 03:30:22', '2017-01-19 03:30:22'),
(905, '0.91', '633.55', '558', NULL, 'y', NULL, 3, 36, 627, '2017-01-19 03:30:25', '2017-01-19 03:30:25'),
(906, '0.91', '592.68', '522', NULL, 'y', NULL, 3, 40, 637, '2017-01-19 03:30:34', '2017-01-19 03:30:34'),
(907, '0.91', '633.55', '558', NULL, 'y', NULL, 3, 36, 628, '2017-01-19 03:30:49', '2017-01-19 03:30:49'),
(908, '3.64', '2218.33', '1770', NULL, 'y', NULL, 9, 1, 191, '2017-01-19 03:30:57', '2017-01-19 03:30:57'),
(909, '0.91', '592.68', '522', NULL, 'y', NULL, 3, 40, 639, '2017-01-19 03:31:07', '2017-01-19 03:31:07'),
(910, '0.91', '633.55', '558', NULL, 'y', NULL, 3, 36, 629, '2017-01-19 03:31:13', '2017-01-19 03:31:13'),
(911, '0.91', '592.68', '522', NULL, 'y', NULL, 3, 40, 641, '2017-01-19 03:31:38', '2017-01-19 03:31:38'),
(912, '0.91', '592.68', '522', NULL, 'y', NULL, 3, 40, 643, '2017-01-19 03:32:14', '2017-01-19 03:32:14'),
(913, '3.64', '2218.33', '1770', NULL, 'y', NULL, 9, 1, 192, '2017-01-19 03:32:33', '2017-01-19 03:32:33'),
(914, '0.91', '592.68', '522', NULL, 'y', NULL, 3, 40, 645, '2017-01-19 03:32:50', '2017-01-19 03:32:50'),
(915, '3.64', '638.67', '562', NULL, 'y', NULL, 3, 37, 630, '2017-01-19 03:32:52', '2017-01-19 03:32:52'),
(916, '0.91', '592.68', '522', NULL, 'y', NULL, 3, 40, 647, '2017-01-19 03:33:35', '2017-01-19 03:33:35'),
(917, '3.64', '2218.33', '1770', NULL, 'y', NULL, 9, 1, 193, '2017-01-19 03:33:39', '2017-01-19 03:33:39'),
(918, '3.64', '638.67', '562', NULL, 'y', NULL, 3, 37, 631, '2017-01-19 03:33:57', '2017-01-19 03:33:57'),
(919, '0.91', '592.68', '522', NULL, 'y', NULL, 3, 40, 648, '2017-01-19 03:34:04', '2017-01-19 03:34:04'),
(920, '3.64', '2218.33', '1770', NULL, 'y', NULL, 9, 1, 194, '2017-01-19 03:34:18', '2017-01-19 03:34:18'),
(921, '0.91', '592.68', '522', NULL, 'y', NULL, 3, 40, 650, '2017-01-19 03:34:38', '2017-01-19 03:34:38'),
(922, '3.64', '638.67', '562', NULL, 'y', NULL, 3, 37, 636, '2017-01-19 03:34:51', '2017-01-19 03:34:51'),
(923, '3.64', '2218.33', '1770', NULL, 'y', NULL, 9, 1, 195, '2017-01-19 03:34:53', '2017-01-19 03:34:53'),
(924, '0.91', '592.68', '522', NULL, 'y', NULL, 3, 40, 652, '2017-01-19 03:35:05', '2017-01-19 03:35:05'),
(925, '3.64', '638.67', '562', NULL, 'y', NULL, 3, 37, 638, '2017-01-19 03:35:23', '2017-01-19 03:35:23'),
(926, '0.91', '592.68', '522', NULL, 'y', NULL, 3, 40, 655, '2017-01-19 03:35:39', '2017-01-19 03:35:39'),
(927, '3.64', '2218.33', '1770', NULL, 'y', NULL, 9, 1, 196, '2017-01-19 03:35:51', '2017-01-19 03:35:51'),
(928, '3.64', '638.67', '562', NULL, 'y', NULL, 3, 37, 640, '2017-01-19 03:36:04', '2017-01-19 03:36:04'),
(929, '0.91', '592.68', '522', NULL, 'y', NULL, 3, 40, 656, '2017-01-19 03:36:20', '2017-01-19 03:36:20'),
(930, '3.64', '2218.33', '1770', NULL, 'y', NULL, 9, 1, 197, '2017-01-19 03:36:23', '2017-01-19 03:36:23'),
(931, '0.91', '592.68', '522', NULL, 'y', NULL, 3, 40, 657, '2017-01-19 03:37:03', '2017-01-19 03:37:03'),
(932, '3.64', '638.67', '562', NULL, 'y', NULL, 3, 37, 642, '2017-01-19 03:37:05', '2017-01-19 03:37:05'),
(933, '3.64', '2218.33', '1770', NULL, 'y', NULL, 9, 1, 198, '2017-01-19 03:37:07', '2017-01-19 03:37:07'),
(934, '0.91', '592.68', '522', NULL, 'y', NULL, 3, 40, 659, '2017-01-19 03:37:32', '2017-01-19 03:37:32'),
(935, '3.64', '638.67', '562', NULL, 'y', NULL, 3, 37, 644, '2017-01-19 03:37:35', '2017-01-19 03:37:35'),
(936, '3.64', '2218.33', '1770', NULL, 'y', NULL, 9, 1, 199, '2017-01-19 03:37:48', '2017-01-19 03:37:48'),
(937, '0.91', '592.68', '522', NULL, 'y', NULL, 3, 40, 660, '2017-01-19 03:37:52', '2017-01-19 03:37:52'),
(938, '3.64', '638.67', '562', NULL, 'y', NULL, 3, 37, 646, '2017-01-19 03:38:00', '2017-01-19 03:38:00'),
(939, '0.91', '592.68', '522', NULL, 'y', NULL, 3, 40, 662, '2017-01-19 03:38:19', '2017-01-19 03:38:19'),
(940, '3.64', '638.67', '562', NULL, 'y', NULL, 3, 37, 649, '2017-01-19 03:38:26', '2017-01-19 03:38:26'),
(941, '3.64', '2218.33', '1770', NULL, 'y', NULL, 9, 1, 200, '2017-01-19 03:38:32', '2017-01-19 03:38:32'),
(942, '0.91', '592.68', '522', NULL, 'y', NULL, 3, 40, 663, '2017-01-19 03:38:40', '2017-01-19 03:38:40'),
(943, '3.64', '638.67', '562', NULL, 'y', NULL, 3, 37, 651, '2017-01-19 03:39:07', '2017-01-19 03:39:07'),
(944, '3.64', '1318.20', '1160', NULL, 'y', NULL, 3, 33, 478, '2017-01-19 03:39:35', '2017-01-19 03:39:35'),
(945, '3.64', '638.67', '562', NULL, 'y', NULL, 3, 37, 654, '2017-01-19 03:39:44', '2017-01-19 03:39:44'),
(946, '3.64', '2218.33', '1770', NULL, 'y', NULL, 9, 1, 201, '2017-01-19 03:39:47', '2017-01-19 03:39:47'),
(947, '3.64', '1318.20', '1160', NULL, 'y', NULL, 3, 33, 479, '2017-01-19 03:40:02', '2017-01-19 03:40:02'),
(948, '3.64', '2218.33', '1770', NULL, 'y', NULL, 9, 1, 202, '2017-01-19 03:40:19', '2017-01-19 03:40:19'),
(949, '3.64', '638.67', '562', NULL, 'y', NULL, 3, 37, 658, '2017-01-19 03:40:30', '2017-01-19 03:40:30'),
(950, '3.64', '1318.20', '1160', NULL, 'y', NULL, 3, 33, 480, '2017-01-19 03:40:33', '2017-01-19 03:40:33'),
(951, '3.64', '2218.33', '1770', NULL, 'y', NULL, 9, 1, 203, '2017-01-19 03:40:53', '2017-01-19 03:40:53'),
(952, '3.64', '638.67', '562', NULL, 'y', NULL, 3, 37, 661, '2017-01-19 03:41:05', '2017-01-19 03:41:05'),
(953, '3.64', '1318.20', '1160', NULL, 'y', NULL, 3, 33, 482, '2017-01-19 03:41:09', '2017-01-19 03:41:09'),
(954, '3.64', '638.67', '562', NULL, 'y', NULL, 3, 37, 664, '2017-01-19 03:41:35', '2017-01-19 03:41:35'),
(955, '3.64', '1318.20', '1160', NULL, 'y', NULL, 3, 33, 484, '2017-01-19 03:41:38', '2017-01-19 03:41:38'),
(956, '3.64', '2218.33', '1770', NULL, 'y', NULL, 9, 1, 204, '2017-01-19 03:41:44', '2017-01-19 03:41:44'),
(957, '3.64', '638.67', '562', NULL, 'y', NULL, 3, 37, 665, '2017-01-19 03:41:57', '2017-01-19 03:41:57'),
(958, '3.64', '1318.20', '1160', NULL, 'y', NULL, 3, 33, 485, '2017-01-19 03:42:19', '2017-01-19 03:42:19'),
(959, '3.64', '1318.20', '1160', NULL, 'y4', NULL, 3, 33, 486, '2017-01-19 03:42:44', '2017-01-19 03:42:44'),
(960, '3.64', '2218.33', '1770', NULL, 'y', NULL, 9, 1, 205, '2017-01-19 03:42:51', '2017-01-19 03:42:51'),
(961, '3.64', '1318.20', '1160', NULL, 'y', NULL, 3, 33, 487, '2017-01-19 03:43:42', '2017-01-19 03:43:42'),
(962, '4', '2391.13', '2104', NULL, 'y', NULL, 3, 41, 497, '2017-01-19 03:43:46', '2017-01-19 03:43:46'),
(963, '3.64', '1318.20', '1160', NULL, 'y', NULL, 3, 33, 488, '2017-01-19 03:44:16', '2017-01-19 03:44:16'),
(964, '4', '2391.13', '2104', NULL, 'y', NULL, 3, 41, 498, '2017-01-19 03:44:39', '2017-01-19 03:44:39'),
(965, '3.64', '2218.33', '1770', NULL, 'y', NULL, 9, 1, 206, '2017-01-19 03:44:44', '2017-01-19 03:44:44'),
(966, '3.64', '1318.20', '1160', NULL, 'y', NULL, 3, 33, 489, '2017-01-19 03:44:56', '2017-01-19 03:44:56'),
(967, '3.64', '2218.33', '1770', NULL, 'y', NULL, 9, 1, 207, '2017-01-19 03:45:31', '2017-01-19 03:45:31'),
(968, '4', '2391.13', '2104', NULL, 'y', NULL, 3, 41, 500, '2017-01-19 03:45:35', '2017-01-19 03:45:35'),
(969, '3.64', '1318.20', '1160', NULL, 'y', NULL, 3, 33, 490, '2017-01-19 03:45:41', '2017-01-19 03:45:41'),
(970, '3.64', '1318.20', '1160', NULL, 'y', NULL, 3, 33, 491, '2017-01-19 03:46:05', '2017-01-19 03:46:05'),
(971, '4', '2391.13', '2104', NULL, 'y', NULL, 3, 41, 501, '2017-01-19 03:46:06', '2017-01-19 03:46:06'),
(972, '3.64', '2218.33', '1770', NULL, 'y', NULL, 9, 1, 208, '2017-01-19 03:46:10', '2017-01-19 03:46:10'),
(973, '4', '2391.13', '2104', NULL, 'y', NULL, 3, 41, 503, '2017-01-19 03:46:31', '2017-01-19 03:46:31'),
(974, '3.64', '1318.20', '1160', NULL, 'y', NULL, 3, 33, 492, '2017-01-19 03:46:33', '2017-01-19 03:46:33'),
(975, '3.64', '2218.33', '1770', NULL, 'y', NULL, 9, 1, 209, '2017-01-19 03:46:49', '2017-01-19 03:46:49'),
(976, '4', '2391.13', '2104', NULL, 'y', NULL, 3, 41, 505, '2017-01-19 03:46:56', '2017-01-19 03:46:56'),
(977, '3.64', '1318.20', '1160', NULL, 'y', NULL, 3, 33, 493, '2017-01-19 03:47:02', '2017-01-19 03:47:02'),
(978, '4', '2391.13', '2104', NULL, 'y', NULL, 3, 41, 506, '2017-01-19 03:47:37', '2017-01-19 03:47:37'),
(979, '3.64', '1318.20', '1160', NULL, 'y', NULL, 3, 33, 495, '2017-01-19 03:48:04', '2017-01-19 03:48:04'),
(980, '4', '2391.13', '2104', NULL, 'y', NULL, 3, 41, 509, '2017-01-19 03:48:20', '2017-01-19 03:48:20'),
(981, '3.64', '1093.38', '962', NULL, 'y', NULL, 3, 35, 549, '2017-01-19 03:49:13', '2017-01-19 03:49:13');
INSERT INTO `pakinges` (`id`, `paking_value`, `paking_price`, `paking_discount_price`, `paking_discount_value`, `paking_is_discounted`, `paking_sort_id`, `brand_id`, `product_id`, `shade_id`, `created_at`, `updated_at`) VALUES
(982, '4', '2391.13', '2104', NULL, 'y', NULL, 3, 41, 511, '2017-01-19 03:49:41', '2017-01-19 03:49:41'),
(983, '3.64', '2218.33', '1770', NULL, 'y', NULL, 9, 1, 615, '2017-01-19 03:49:48', '2017-01-19 03:49:48'),
(984, '3.64', '1093.38', '962', NULL, 'y', NULL, 3, 35, 550, '2017-01-19 03:49:53', '2017-01-19 03:49:53'),
(985, '4', '2391.13', '2104', NULL, 'y', NULL, 3, 41, 514, '2017-01-19 03:50:30', '2017-01-19 03:50:30'),
(986, '3.64', '2218.33', '1770', NULL, 'y', NULL, 9, 1, 624, '2017-01-19 03:50:42', '2017-01-19 03:50:42'),
(987, '3.64', '1093.38', '962', NULL, 'y', NULL, 3, 35, 552, '2017-01-19 03:50:51', '2017-01-19 03:50:51'),
(988, '4', '2391.13', '2104', NULL, 'y', NULL, 3, 41, 513, '2017-01-19 03:51:15', '2017-01-19 03:51:15'),
(989, '3.64', '1093.38', '962', NULL, 'y', NULL, 3, 35, 554, '2017-01-19 03:51:39', '2017-01-19 03:51:39'),
(990, '4', '2391.13', '2104', NULL, 'y', NULL, 3, 41, 516, '2017-01-19 03:51:55', '2017-01-19 03:51:55'),
(991, '3.64', '1093.38', '962', NULL, 'y', NULL, 3, 35, 556, '2017-01-19 03:52:19', '2017-01-19 03:52:19'),
(992, '4', '2391.13', '2104', NULL, 'y', NULL, 3, 41, 517, '2017-01-19 03:52:27', '2017-01-19 03:52:27'),
(993, '3.64', '2218.33', '1770', NULL, 'y', NULL, 9, 1, 185, '2017-01-19 03:52:30', '2017-01-19 03:52:30'),
(994, '3.64', '1093.38', '962', NULL, 'y', NULL, 3, 35, 558, '2017-01-19 03:52:50', '2017-01-19 03:52:50'),
(995, '4', '2391.13', '2104', NULL, 'y', NULL, 3, 41, 519, '2017-01-19 03:53:08', '2017-01-19 03:53:08'),
(996, '0.91', '589.88', '470', NULL, 'y', NULL, 9, 1, 185, '2017-01-19 03:53:34', '2017-01-19 03:53:34'),
(997, '3.64', '1093.38', '962', NULL, 'y', NULL, 3, 35, 559, '2017-01-19 03:53:37', '2017-01-19 03:53:37'),
(998, '4', '2391.13', '2104', NULL, 'y', NULL, 3, 41, 520, '2017-01-19 03:53:47', '2017-01-19 03:53:47'),
(999, '3.64', '1093.38', '962', NULL, 'y', NULL, 3, 35, 562, '2017-01-19 03:54:15', '2017-01-19 03:54:15'),
(1000, '4', '2391.13', '2104', NULL, 'y', NULL, 3, 41, 522, '2017-01-19 03:54:50', '2017-01-19 03:54:50'),
(1001, '3.64', '1093.38', '962', NULL, 'y', NULL, 3, 35, 563, '2017-01-19 03:55:01', '2017-01-19 03:55:01'),
(1002, '4', '2391.13', '2104', NULL, 'y', NULL, 3, 41, 524, '2017-01-19 03:55:32', '2017-01-19 03:55:32'),
(1003, '3.64', '1093.38', '962', NULL, 'y', NULL, 3, 35, 565, '2017-01-19 03:55:33', '2017-01-19 03:55:33'),
(1004, '0.91', '589.88', '470', NULL, 'y', NULL, 9, 1, 186, '2017-01-19 03:55:34', '2017-01-19 03:55:34'),
(1005, '3.64', '1093.38', '962', NULL, 'y', NULL, 3, 35, 566, '2017-01-19 03:56:03', '2017-01-19 03:56:03'),
(1006, '1', '628.44', '553', NULL, 'y', NULL, 3, 41, 497, '2017-01-19 03:56:08', '2017-01-19 03:56:08'),
(1007, '0.91', '589.88', '470', NULL, 'y', NULL, 9, 1, 187, '2017-01-19 03:56:10', '2017-01-19 03:56:10'),
(1008, '1', '628.44', '553', NULL, 'y', NULL, 3, 41, 498, '2017-01-19 03:56:36', '2017-01-19 03:56:36'),
(1009, '0.91', '589.88', '470', NULL, 'y', NULL, 9, 1, 188, '2017-01-19 03:56:55', '2017-01-19 03:56:55'),
(1010, '3.64', '1093.38', '962', NULL, 'y', NULL, 3, 35, 568, '2017-01-19 03:57:01', '2017-01-19 03:57:01'),
(1011, '1', '628.44', '553', NULL, 'y', NULL, 3, 41, 500, '2017-01-19 03:57:13', '2017-01-19 03:57:13'),
(1012, '3.64', '1093.38', '962', NULL, 'y', NULL, 3, 35, 570, '2017-01-19 03:57:26', '2017-01-19 03:57:26'),
(1013, '0.91', '589.88', '470', NULL, 'y', NULL, 9, 1, 189, '2017-01-19 03:57:31', '2017-01-19 03:57:31'),
(1014, '1', '628.44', '553', NULL, 'y', NULL, 3, 41, 501, '2017-01-19 03:57:40', '2017-01-19 03:57:40'),
(1015, '3.64', '1093.38', '962', NULL, 'y', NULL, 3, 35, 571, '2017-01-19 03:58:01', '2017-01-19 03:58:01'),
(1016, '1', '628.44', '553', NULL, 'y', NULL, 3, 41, 503, '2017-01-19 03:58:06', '2017-01-19 03:58:06'),
(1017, '3.64', '1093.38', '962', NULL, 'y', NULL, 3, 35, 573, '2017-01-19 03:58:24', '2017-01-19 03:58:24'),
(1018, '0.91', '589.88', '470', NULL, 'y', NULL, 9, 1, 190, '2017-01-19 03:58:27', '2017-01-19 03:58:27'),
(1019, '1', '628.44', '553', NULL, 'y', NULL, 3, 41, 505, '2017-01-19 03:58:36', '2017-01-19 03:58:36'),
(1020, '1', '628.44', '553', NULL, 'y', NULL, 3, 41, 506, '2017-01-19 03:59:07', '2017-01-19 03:59:07'),
(1021, '0.91', '589.88', '470', NULL, 'y', NULL, 9, 1, 191, '2017-01-19 03:59:10', '2017-01-19 03:59:10'),
(1022, '1', '628.44', '553', NULL, 'y', NULL, 3, 41, 509, '2017-01-19 03:59:39', '2017-01-19 03:59:39'),
(1023, '0.91', '589.88', '470', NULL, 'y', NULL, 9, 1, 192, '2017-01-19 03:59:49', '2017-01-19 03:59:49'),
(1024, '1', '628.44', '553', NULL, 'y', NULL, 3, 41, 511, '2017-01-19 04:00:17', '2017-01-19 04:00:17'),
(1025, '0.91', '589.88', '470', NULL, 'y', NULL, 9, 1, 193, '2017-01-19 04:00:22', '2017-01-19 04:00:22'),
(1026, '1', '628.44', '553', NULL, 'y', NULL, 3, 41, 513, '2017-01-19 04:00:53', '2017-01-19 04:00:53'),
(1027, '0.91', '589.88', '470', NULL, 'y', NULL, 9, 1, 194, '2017-01-19 04:00:55', '2017-01-19 04:00:55'),
(1028, '1', '628.44', '553', NULL, 'y', NULL, 3, 41, 514, '2017-01-19 04:01:20', '2017-01-19 04:01:20'),
(1029, '0.91', '589.88', '470', NULL, 'y', NULL, 9, 1, 195, '2017-01-19 04:01:48', '2017-01-19 04:01:48'),
(1030, '1', '628.44', '553', NULL, 'y', NULL, 3, 41, 516, '2017-01-19 04:01:50', '2017-01-19 04:01:50'),
(1031, '3.64', '1216', '1017', NULL, 'y', NULL, 3, 38, 526, '2017-01-19 04:01:59', '2017-01-19 04:01:59'),
(1032, '1', '628.44', '553', NULL, 'y', NULL, 3, 41, 517, '2017-01-19 04:02:38', '2017-01-19 04:02:38'),
(1033, '3.64', '1216', '1070', NULL, 'y', NULL, 3, 38, 528, '2017-01-19 04:03:05', '2017-01-19 04:03:05'),
(1034, '1', '628.44', '553', NULL, 'y', NULL, 3, 41, 519, '2017-01-19 04:03:29', '2017-01-19 04:03:29'),
(1035, '0.91', '589.88', '470', NULL, 'y', NULL, 9, 1, 196, '2017-01-19 04:03:40', '2017-01-19 04:03:40'),
(1036, '3.64', '1216', '1070', NULL, 'y', NULL, 3, 38, 531, '2017-01-19 04:03:55', '2017-01-19 04:03:55'),
(1037, '1', '628.44', '553', NULL, 'y', NULL, 3, 41, 520, '2017-01-19 04:04:00', '2017-01-19 04:04:00'),
(1038, '0.91', '589.88', '470', NULL, 'y', NULL, 9, 1, 197, '2017-01-19 04:04:20', '2017-01-19 04:04:20'),
(1039, '1', '628.44', '553', NULL, 'y', NULL, 3, 41, 522, '2017-01-19 04:04:47', '2017-01-19 04:04:47'),
(1040, '3.64', '1216', '1070', NULL, 'y', NULL, 3, 38, 529, '2017-01-19 04:05:06', '2017-01-19 04:05:06'),
(1041, '0.91', '589.88', '470', NULL, 'y', NULL, 9, 1, 198, '2017-01-19 04:05:15', '2017-01-19 04:05:15'),
(1042, '1', '628.44', '553', NULL, 'y', NULL, 3, 41, 524, '2017-01-19 04:05:21', '2017-01-19 04:05:21'),
(1043, '3.64', '1216', '1070', NULL, 'y', NULL, 3, 38, 532, '2017-01-19 04:05:47', '2017-01-19 04:05:47'),
(1044, '0.91', '589.88', '470', NULL, 'y', NULL, 9, 1, 199, '2017-01-19 04:06:06', '2017-01-19 04:06:06'),
(1045, '3.64', '1216', '1070', NULL, 'y', NULL, 3, 38, 534, '2017-01-19 04:06:22', '2017-01-19 04:06:22'),
(1046, '0.91', '589.88', '470', NULL, 'y', NULL, 9, 1, 200, '2017-01-19 04:06:46', '2017-01-19 04:06:46'),
(1047, '3.64', '1216', '1070', NULL, 'y', NULL, 3, 38, 535, '2017-01-19 04:07:26', '2017-01-19 04:07:26'),
(1048, '0.91', '589.88', '470', NULL, 'y', NULL, 9, 1, 201, '2017-01-19 04:07:27', '2017-01-19 04:07:27'),
(1049, '3.64', '2861.19', '2518', NULL, 'y', NULL, 3, 39, 596, '2017-01-19 04:07:31', '2017-01-19 04:07:31'),
(1050, '0.91', '589.88', '470', NULL, 'y', NULL, 9, 1, 202, '2017-01-19 04:08:00', '2017-01-19 04:08:00'),
(1051, '3.64', '2861.19', '2518', NULL, 'y', NULL, 3, 39, 597, '2017-01-19 04:08:10', '2017-01-19 04:08:10'),
(1052, '3.64', '1216', '1070', NULL, 'y', NULL, 3, 38, 537, '2017-01-19 04:08:25', '2017-01-19 04:08:25'),
(1053, '0.91', '589.88', '470', NULL, 'y', NULL, 9, 1, 203, '2017-01-19 04:08:39', '2017-01-19 04:08:39'),
(1054, '3.64', '2861.19', '2518', NULL, 'y', NULL, 3, 39, 598, '2017-01-19 04:08:58', '2017-01-19 04:08:58'),
(1055, '3.64', '1216', '1070', NULL, 'y', NULL, 3, 38, 539, '2017-01-19 04:08:59', '2017-01-19 04:08:59'),
(1056, '0.91', '589.88', '470', NULL, 'y', NULL, 9, 1, 204, '2017-01-19 04:09:13', '2017-01-19 04:09:13'),
(1057, '3.64', '2861.19', '2518', NULL, 'y', NULL, 3, 39, 599, '2017-01-19 04:09:46', '2017-01-19 04:09:46'),
(1058, '0.91', '589.88', '470', NULL, 'y', NULL, 9, 1, 205, '2017-01-19 04:09:47', '2017-01-19 04:09:47'),
(1059, '3.64', '1216', '1070', NULL, 'y', NULL, 3, 38, 540, '2017-01-19 04:09:50', '2017-01-19 04:09:50'),
(1060, '0.91', '589.88', '470', NULL, 'y', NULL, 9, 1, 206, '2017-01-19 04:10:18', '2017-01-19 04:10:18'),
(1061, '3.64', '2861.19', '2518', NULL, 'y', NULL, 3, 39, 600, '2017-01-19 04:10:45', '2017-01-19 04:10:45'),
(1062, '0.91', '589.88', '470', NULL, 'y', NULL, 9, 1, 207, '2017-01-19 04:10:50', '2017-01-19 04:10:50'),
(1063, '3.64', '1216', '1070', NULL, 'y', NULL, 3, 38, 542, '2017-01-19 04:10:54', '2017-01-19 04:10:54'),
(1064, '0.91', '589.88', '470', NULL, 'y', NULL, 9, 1, 208, '2017-01-19 04:11:23', '2017-01-19 04:11:23'),
(1065, '3.64', '2861.19', '2518', NULL, 'y', NULL, 3, 39, 601, '2017-01-19 04:11:33', '2017-01-19 04:11:33'),
(1066, '3.64', '1216', '1070', NULL, 'y', NULL, 3, 38, 543, '2017-01-19 04:11:43', '2017-01-19 04:11:43'),
(1067, '0.91', '589.88', '470', NULL, 'y', NULL, 9, 1, 209, '2017-01-19 04:11:58', '2017-01-19 04:11:58'),
(1068, '3.64', '2861.19', '2518', NULL, 'y', NULL, 3, 39, 602, '2017-01-19 04:12:17', '2017-01-19 04:12:17'),
(1069, '3.64', '1216', '1070', NULL, 'h', NULL, 3, 38, 545, '2017-01-19 04:12:25', '2017-01-19 04:12:25'),
(1070, '1', '628.44', '553', NULL, 'y', NULL, 3, 41, 508, '2017-01-19 04:12:44', '2017-01-19 04:12:44'),
(1071, '3.64', '2861.19', '2518', NULL, 'y', NULL, 3, 39, 603, '2017-01-19 04:12:51', '2017-01-19 04:12:51'),
(1072, '0.91', '633.55', '558', NULL, 'y', NULL, 3, 36, 615, '2017-01-19 04:13:12', '2017-01-19 04:13:12'),
(1073, '3.64', '2861.19', '2518', NULL, 'y', NULL, 3, 39, 604, '2017-01-19 04:13:45', '2017-01-19 04:13:45'),
(1074, '0.91', '633.55', '558', NULL, 'y', NULL, 3, 36, 624, '2017-01-19 04:13:51', '2017-01-19 04:13:51'),
(1075, '3.64', '1216', '1070', NULL, 'y', NULL, 3, 38, 546, '2017-01-19 04:13:51', '2017-01-19 04:13:51'),
(1076, '3.64', '1216', '1070', NULL, 'y', NULL, 3, 38, 547, '2017-01-19 04:14:22', '2017-01-19 04:14:22'),
(1077, '3.64', '2861.19', '2518', NULL, 'y', NULL, 3, 39, 605, '2017-01-19 04:14:23', '2017-01-19 04:14:23'),
(1078, '3.64', '2861.19', '2518', NULL, 'y', NULL, 3, 39, 606, '2017-01-19 04:15:12', '2017-01-19 04:15:12'),
(1079, '3.64', '2861.19', '2518', NULL, 'y', NULL, 3, 39, 607, '2017-01-19 04:15:43', '2017-01-19 04:15:43'),
(1080, '4', '1988.42', '1590', NULL, 'y', NULL, 9, 2, 161, '2017-01-19 04:46:44', '2017-01-19 04:46:44'),
(1081, '4', '1988.42', '1590', NULL, 'y', NULL, 9, 2, 162, '2017-01-19 04:47:31', '2017-01-19 04:47:31'),
(1082, '4', '1988.42', '1590', NULL, 'y', NULL, 9, 2, 163, '2017-01-19 04:48:06', '2017-01-19 04:48:06'),
(1083, '4', '1988.42', '1590', NULL, 'y', NULL, 9, 2, 164, '2017-01-19 04:48:35', '2017-01-19 04:48:35'),
(1084, '0.91', '316.78', '279', NULL, 'y', NULL, 3, 38, 526, '2017-01-19 04:48:41', '2017-01-19 04:48:41'),
(1085, '4', '1988.42', '1590', NULL, 'y', NULL, 9, 2, 165, '2017-01-19 04:49:09', '2017-01-19 04:49:09'),
(1086, '0.91', '316.78', '279', NULL, 'y', NULL, 3, 38, 528, '2017-01-19 04:49:14', '2017-01-19 04:49:14'),
(1087, '3.64', '2861.19', '2518', NULL, 'y', NULL, 3, 39, 608, '2017-01-19 04:49:34', '2017-01-19 04:49:34'),
(1088, '4', '1988.42', '1590', NULL, 'y', NULL, 9, 2, 166, '2017-01-19 04:49:36', '2017-01-19 04:49:36'),
(1089, '0.91', '316.78', '279', NULL, 'y', NULL, 3, 38, 529, '2017-01-19 04:49:54', '2017-01-19 04:49:54'),
(1090, '3.64', '2861.19', '2518', NULL, 'y', NULL, 3, 39, 609, '2017-01-19 04:50:07', '2017-01-19 04:50:07'),
(1091, '4', '1988.42', '1590', NULL, 'y', NULL, 9, 2, 167, '2017-01-19 04:50:18', '2017-01-19 04:50:18'),
(1092, '3.64', '2861.19', '2518', NULL, 'y', NULL, 3, 39, 610, '2017-01-19 04:50:32', '2017-01-19 04:50:32'),
(1093, '0.91', '316.78', '279', NULL, 'y', NULL, 3, 38, 531, '2017-01-19 04:50:35', '2017-01-19 04:50:35'),
(1094, '4', '1988.42', '1590', NULL, 'y', NULL, 9, 2, 168, '2017-01-19 04:50:46', '2017-01-19 04:50:46'),
(1095, '3.64', '2861.19', '2518', NULL, 'y', NULL, 3, 39, 611, '2017-01-19 04:51:05', '2017-01-19 04:51:05'),
(1096, '4', '1988.42', '1590', NULL, 'y', NULL, 9, 2, 169, '2017-01-19 04:51:12', '2017-01-19 04:51:12'),
(1097, '0.91', '316.78', '279', NULL, 'y', NULL, 3, 38, 532, '2017-01-19 04:51:26', '2017-01-19 04:51:26'),
(1098, '3.64', '2861.19', '2518', NULL, 'y', NULL, 3, 39, 612, '2017-01-19 04:51:36', '2017-01-19 04:51:36'),
(1099, '4', '1988.42', '1590', NULL, 'y', NULL, 9, 2, 170, '2017-01-19 04:51:54', '2017-01-19 04:51:54'),
(1100, '3.64', '2861.19', '2518', NULL, 'y', NULL, 3, 39, 613, '2017-01-19 04:52:13', '2017-01-19 04:52:13'),
(1101, '4', '1988.42', '1590', NULL, 'y', NULL, 9, 2, 171, '2017-01-19 04:52:24', '2017-01-19 04:52:24'),
(1102, '4', '1988.42', '1590', NULL, 'y', NULL, 9, 2, 172, '2017-01-19 04:52:52', '2017-01-19 04:52:52'),
(1103, '0.91', '786.82', '692', NULL, 'y', NULL, 3, 39, 596, '2017-01-19 04:53:00', '2017-01-19 04:53:00'),
(1104, '0.91', '316.78', '279', NULL, 'y', NULL, 3, 38, 534, '2017-01-19 04:53:12', '2017-01-19 04:53:12'),
(1105, '4', '1988.42', '1590', NULL, 'y', NULL, 9, 2, 173, '2017-01-19 04:53:25', '2017-01-19 04:53:25'),
(1106, '0.91', '786.82', '692', NULL, 'y', NULL, 3, 39, 597, '2017-01-19 04:53:57', '2017-01-19 04:53:57'),
(1107, '4', '1988.42', '1590', NULL, 'y', NULL, 9, 2, 174, '2017-01-19 04:54:04', '2017-01-19 04:54:04'),
(1108, '0.91', '786.82', '692', NULL, 'y', NULL, 3, 39, 598, '2017-01-19 04:54:37', '2017-01-19 04:54:37'),
(1109, '0.91', '786.82', '692', NULL, 'y', NULL, 3, 39, 599, '2017-01-19 04:55:05', '2017-01-19 04:55:05'),
(1110, '4', '1988.42', '1590', NULL, 'y', NULL, 9, 2, 175, '2017-01-19 04:55:10', '2017-01-19 04:55:10'),
(1111, '0.91', '316.78', '279', NULL, 'y', NULL, 3, 38, 535, '2017-01-19 04:55:23', '2017-01-19 04:55:23'),
(1112, '0.91', '786.82', '692', NULL, 'y', NULL, 3, 39, 600, '2017-01-19 04:55:29', '2017-01-19 04:55:29'),
(1113, '4', '1988.42', '1590', NULL, 'y', NULL, 9, 2, 176, '2017-01-19 04:55:56', '2017-01-19 04:55:56'),
(1114, '0.91', '786.82', '692', NULL, 'y', NULL, 3, 39, 601, '2017-01-19 04:56:05', '2017-01-19 04:56:05'),
(1115, '4', '1988.42', '1590', NULL, 'y', NULL, 9, 2, 177, '2017-01-19 04:56:32', '2017-01-19 04:56:32'),
(1116, '0.91', '316.78', '279', NULL, 'y', NULL, 3, 38, 537, '2017-01-19 04:56:59', '2017-01-19 04:56:59'),
(1117, '4', '1988.42', '1590', NULL, 'y', NULL, 9, 2, 178, '2017-01-19 04:57:01', '2017-01-19 04:57:01'),
(1118, '4', '1988.42', '1590', NULL, 'y', NULL, 9, 2, 179, '2017-01-19 04:57:54', '2017-01-19 04:57:54'),
(1119, '0.91', '316.78', '279', NULL, 'y', NULL, 3, 38, 539, '2017-01-19 04:58:03', '2017-01-19 04:58:03'),
(1120, '4', '1988.42', '1590', NULL, 'y', NULL, 9, 2, 180, '2017-01-19 04:58:24', '2017-01-19 04:58:24'),
(1121, '0.91', '316.78', '279', NULL, 'y', NULL, 3, 38, 540, '2017-01-19 04:58:36', '2017-01-19 04:58:36'),
(1122, '0.91', '786.82', '692', NULL, 'y', NULL, 3, 39, 602, '2017-01-19 04:58:37', '2017-01-19 04:58:37'),
(1123, '4', '1988.42', '1590', NULL, 'y', NULL, 9, 2, 181, '2017-01-19 04:59:00', '2017-01-19 04:59:00'),
(1124, '0.91', '316.78', '279', NULL, 'y', NULL, 3, 38, 542, '2017-01-19 04:59:04', '2017-01-19 04:59:04'),
(1125, '4', '1988.42', '1590', NULL, 'y', NULL, 9, 2, 182, '2017-01-19 04:59:37', '2017-01-19 04:59:37'),
(1126, '4', '1988.42', '1590', NULL, 'y', NULL, 9, 2, 183, '2017-01-19 05:00:04', '2017-01-19 05:00:04'),
(1127, '0.91', '316.78', '279', NULL, 'y', NULL, 3, 38, 543, '2017-01-19 05:00:21', '2017-01-19 05:00:21'),
(1128, '4', '1988.42', '1590', NULL, 'y', NULL, 9, 2, 184, '2017-01-19 05:00:40', '2017-01-19 05:00:40'),
(1129, '0.91', '786.82', '692', NULL, 'y', NULL, 3, 39, 603, '2017-01-19 05:00:44', '2017-01-19 05:00:44'),
(1130, '0.91', '316.78', '279', NULL, 'y', NULL, 3, 38, 545, '2017-01-19 05:00:51', '2017-01-19 05:00:51'),
(1131, '0.91', '786.82', '692', NULL, 'y', NULL, 3, 39, 604, '2017-01-19 05:01:26', '2017-01-19 05:01:26'),
(1132, '0.91', '316.78', '279', NULL, 'y', NULL, 3, 38, 546, '2017-01-19 05:01:33', '2017-01-19 05:01:33'),
(1133, '1', '529', '420', NULL, 'y', NULL, 9, 2, 161, '2017-01-19 05:01:49', '2017-01-19 05:01:49'),
(1134, '0.91', '316.78', '279', NULL, 'y', NULL, 3, 38, 547, '2017-01-19 05:02:06', '2017-01-19 05:02:06'),
(1135, '0.91', '786.82', '692', NULL, 'y', NULL, 3, 39, 605, '2017-01-19 05:02:18', '2017-01-19 05:02:18'),
(1136, '1', '529', '420', NULL, 'y', NULL, 9, 2, 162, '2017-01-19 05:02:30', '2017-01-19 05:02:30'),
(1137, '0.91', '786.82', '692', NULL, 'y', NULL, 3, 39, 606, '2017-01-19 05:02:48', '2017-01-19 05:02:48'),
(1138, '1', '529', '420', NULL, 'y', NULL, 9, 2, 163, '2017-01-19 05:02:56', '2017-01-19 05:02:56'),
(1139, '0.91', '786.82', '692', NULL, 'y', NULL, 3, 39, 607, '2017-01-19 05:03:27', '2017-01-19 05:03:27'),
(1140, '1', '529', '420', NULL, 'y', NULL, 9, 2, 164, '2017-01-19 05:03:35', '2017-01-19 05:03:35'),
(1141, '1', '529', '420', NULL, 'y', NULL, 9, 2, 165, '2017-01-19 05:04:10', '2017-01-19 05:04:10'),
(1142, '1', '529', '420', NULL, 'y', NULL, 9, 2, 166, '2017-01-19 05:04:52', '2017-01-19 05:04:52'),
(1143, '3.64', '2396.24', '2109', NULL, 'y', NULL, 3, 34, 575, '2017-01-19 05:05:04', '2017-01-19 05:05:04'),
(1144, '1', '529', '420', NULL, 'y', NULL, 9, 2, 167, '2017-01-19 05:05:26', '2017-01-19 05:05:26'),
(1145, '3.64', '2396.24', '2109', NULL, 'y', NULL, 3, 34, 577, '2017-01-19 05:05:47', '2017-01-19 05:05:47'),
(1146, '0.91', '786.82', '692', NULL, 'y', NULL, 3, 39, 608, '2017-01-19 05:06:18', '2017-01-19 05:06:18'),
(1147, '1', '529', '420', NULL, 'y', NULL, 9, 2, 168, '2017-01-19 05:06:24', '2017-01-19 05:06:24'),
(1148, '3.64', '2396.24', '2109', NULL, 'y', NULL, 3, 34, 578, '2017-01-19 05:06:29', '2017-01-19 05:06:29'),
(1149, '0.91', '786.82', '692', NULL, 'y', NULL, 3, 39, 609, '2017-01-19 05:06:54', '2017-01-19 05:06:54'),
(1150, '1', '529', '420', NULL, 'y', NULL, 9, 2, 169, '2017-01-19 05:06:58', '2017-01-19 05:06:58'),
(1151, '3.64', '2396.24', '2109', NULL, 'y', NULL, 3, 34, 580, '2017-01-19 05:07:04', '2017-01-19 05:07:04'),
(1152, '0.91', '786.82', '692', NULL, 'y', NULL, 3, 39, 610, '2017-01-19 05:07:25', '2017-01-19 05:07:25'),
(1153, '1', '529', '420', NULL, 'y', NULL, 9, 2, 170, '2017-01-19 05:07:28', '2017-01-19 05:07:28'),
(1154, '0.91', '786.82', '692', NULL, 'y', NULL, 3, 39, 611, '2017-01-19 05:08:00', '2017-01-19 05:08:00'),
(1155, '1', '529', '420', NULL, 'y', NULL, 9, 2, 171, '2017-01-19 05:08:13', '2017-01-19 05:08:13'),
(1156, '3.64', '2396.24', '2109', NULL, 'y', NULL, 3, 34, 582, '2017-01-19 05:08:22', '2017-01-19 05:08:22'),
(1157, '0.91', '786.82', '692', NULL, 'y', NULL, 3, 39, 612, '2017-01-19 05:08:41', '2017-01-19 05:08:41'),
(1158, '1', '529', '420', NULL, 'y', NULL, 9, 2, 172, '2017-01-19 05:08:42', '2017-01-19 05:08:42'),
(1159, '3.64', '2396.24', '2109', NULL, 'y', NULL, 3, 34, 583, '2017-01-19 05:08:52', '2017-01-19 05:08:52'),
(1160, '1', '529', '420', NULL, 'y', NULL, 9, 2, 173, '2017-01-19 05:09:11', '2017-01-19 05:09:11'),
(1161, '0.91', '786.82', '692', NULL, 'y', NULL, 3, 39, 613, '2017-01-19 05:09:11', '2017-01-19 05:09:11'),
(1162, '3.64', '2396.24', '2109', NULL, 'y', NULL, 3, 34, 584, '2017-01-19 05:09:26', '2017-01-19 05:09:26'),
(1163, '3.64', '2396.24', '2109', NULL, 'y', NULL, 3, 34, 585, '2017-01-19 05:10:44', '2017-01-19 05:10:44'),
(1164, '1', '529', '420', NULL, 'y', NULL, 9, 2, 174, '2017-01-19 05:10:46', '2017-01-19 05:10:46'),
(1165, '3.64', '2396.24', '2109', NULL, 'y', NULL, 3, 34, 586, '2017-01-19 05:11:12', '2017-01-19 05:11:12'),
(1166, '1', '529', '420', NULL, 'y', NULL, 9, 2, 175, '2017-01-19 05:11:20', '2017-01-19 05:11:20'),
(1167, '3.64', '2396.24', '2109', NULL, 'y', NULL, 3, 34, 587, '2017-01-19 05:11:41', '2017-01-19 05:11:41'),
(1168, '3.64', '2396.24', '2109', NULL, 'y', NULL, 3, 34, 588, '2017-01-19 05:12:03', '2017-01-19 05:12:03'),
(1169, '4', '2117.50', '1690', NULL, 'y', NULL, 9, 4, 210, '2017-01-19 05:12:17', '2017-01-19 05:12:17'),
(1170, '1', '529', '420', NULL, 'y', NULL, 9, 2, 176, '2017-01-19 05:12:23', '2017-01-19 05:12:23'),
(1171, '3.64', '2396.24', '2109', NULL, 'y', NULL, 3, 34, 589, '2017-01-19 05:12:28', '2017-01-19 05:12:28'),
(1172, '3.64', '2396.24', '2109', NULL, 'y', NULL, 3, 34, 591, '2017-01-19 05:12:49', '2017-01-19 05:12:49'),
(1173, '4', '2117.50', '1690', NULL, 'y', NULL, 9, 4, 211, '2017-01-19 05:12:55', '2017-01-19 05:12:55'),
(1174, '1', '529', '420', NULL, 'y', NULL, 9, 2, 177, '2017-01-19 05:12:57', '2017-01-19 05:12:57'),
(1175, '3.64', '2396.24', '2109', NULL, 'y', NULL, 3, 34, 590, '2017-01-19 05:13:31', '2017-01-19 05:13:31'),
(1176, '4', '2117.50', '1690', NULL, 'y', NULL, 9, 4, 212, '2017-01-19 05:13:32', '2017-01-19 05:13:32'),
(1177, '1', '529', '420', NULL, 'y', NULL, 9, 2, 178, '2017-01-19 05:13:33', '2017-01-19 05:13:33'),
(1178, '3.64', '2396.24', '2109', NULL, 'y', NULL, 3, 34, 591, '2017-01-19 05:14:01', '2017-01-19 05:14:01'),
(1179, '1', '529', '420', NULL, 'y', NULL, 9, 2, 179, '2017-01-19 05:14:13', '2017-01-19 05:14:13'),
(1180, '4', '2117.50', '1690', NULL, 'y', NULL, 9, 4, 213, '2017-01-19 05:14:15', '2017-01-19 05:14:15'),
(1181, '1', '529', '420', NULL, 'y', NULL, 9, 2, 180, '2017-01-19 05:14:39', '2017-01-19 05:14:39'),
(1182, '1', '529', '420', NULL, 'y', NULL, 9, 2, 181, '2017-01-19 05:15:09', '2017-01-19 05:15:09'),
(1183, '4', '2117.50', '1690', NULL, 'y', NULL, 9, 4, 214, '2017-01-19 05:15:18', '2017-01-19 05:15:18'),
(1184, '1', '529', '420', NULL, 'y', NULL, 9, 2, 182, '2017-01-19 05:15:35', '2017-01-19 05:15:35'),
(1185, '4', '2117.50', '1690', NULL, 'y', NULL, 9, 4, 215, '2017-01-19 05:15:59', '2017-01-19 05:15:59'),
(1186, '1', '529', '420', NULL, 'y', NULL, 9, 2, 183, '2017-01-19 05:16:10', '2017-01-19 05:16:10'),
(1187, '3.64', '2396.24', '2109', NULL, 'y', NULL, 3, 34, 592, '2017-01-19 05:16:28', '2017-01-19 05:16:28'),
(1188, '4', '2117.50', '1690', NULL, 'y', NULL, 9, 4, 216, '2017-01-19 05:16:30', '2017-01-19 05:16:30'),
(1189, '1', '529', '420', NULL, 'y', NULL, 9, 2, 184, '2017-01-19 05:16:35', '2017-01-19 05:16:35'),
(1190, '3.64', '2396.24', '2109', NULL, 'y', NULL, 3, 34, 593, '2017-01-19 05:16:53', '2017-01-19 05:16:53'),
(1191, '4', '2117.50', '1690', NULL, 'y', NULL, 9, 4, 217, '2017-01-19 05:17:11', '2017-01-19 05:17:11'),
(1192, '3.64', '2396.24', '2109', NULL, 'y', NULL, 3, 34, 594, '2017-01-19 05:17:16', '2017-01-19 05:17:16'),
(1193, '3.64', '2396.24', '2109', NULL, 'y', NULL, 3, 34, 595, '2017-01-19 05:17:42', '2017-01-19 05:17:42'),
(1194, '4', '2117.50', '1690', NULL, 'y', NULL, 9, 4, 218, '2017-01-19 05:17:49', '2017-01-19 05:17:49'),
(1195, '0.91', '628.44', '553', NULL, 'y', NULL, 3, 34, 575, '2017-01-19 05:18:12', '2017-01-19 05:18:12'),
(1196, '4', '2117.50', '1690', NULL, 'y', NULL, 9, 4, 219, '2017-01-19 05:18:59', '2017-01-19 05:18:59'),
(1197, '0.91', '628.44', '553', NULL, 'y', NULL, 3, 34, 577, '2017-01-19 05:19:40', '2017-01-19 05:19:40'),
(1198, '4', '2117.50', '1690', NULL, 'y', NULL, 9, 4, 220, '2017-01-19 05:19:52', '2017-01-19 05:19:52'),
(1199, '0.91', '628.44', '553', NULL, 'y', NULL, 3, 34, 578, '2017-01-19 05:20:30', '2017-01-19 05:20:30'),
(1200, '4', '2117.50', '1690', NULL, 'y', NULL, 9, 4, 221, '2017-01-19 05:20:32', '2017-01-19 05:20:32'),
(1201, '4', '2117.50', '1690', NULL, 'y', NULL, 9, 4, 222, '2017-01-19 05:21:14', '2017-01-19 05:21:14'),
(1202, '0.91', '628.44', '553', NULL, 'y', NULL, 3, 34, 580, '2017-01-19 05:21:52', '2017-01-19 05:21:52'),
(1203, '4', '2117.50', '1690', NULL, 'y', NULL, 9, 4, 223, '2017-01-19 05:21:57', '2017-01-19 05:21:57'),
(1204, '0.91', '628.44', '533', NULL, 'y', NULL, 3, 34, 582, '2017-01-19 05:22:18', '2017-01-19 05:22:18'),
(1205, '4', '2117.50', '1690', NULL, 'y', NULL, 9, 4, 224, '2017-01-19 05:22:25', '2017-01-19 05:22:25'),
(1206, '0.91', '628.44', '533', NULL, 'y', NULL, 3, 34, 583, '2017-01-19 05:22:43', '2017-01-19 05:22:43'),
(1207, '4', '2117.50', '1690', NULL, 'y', NULL, 9, 4, 225, '2017-01-19 05:23:10', '2017-01-19 05:23:10'),
(1208, '0.91', '628.44', '533', NULL, 'y', NULL, 3, 34, 584, '2017-01-19 05:23:18', '2017-01-19 05:23:18'),
(1209, '4', '2117.50', '1690', NULL, 'y', NULL, 9, 4, 226, '2017-01-19 05:23:52', '2017-01-19 05:23:52'),
(1210, '0.91', '628.44', '553', NULL, 'y', NULL, 3, 34, 585, '2017-01-19 05:24:00', '2017-01-19 05:24:00'),
(1211, '0.91', '628.44', '553', NULL, 'y', NULL, 3, 34, 586, '2017-01-19 05:24:32', '2017-01-19 05:24:32'),
(1212, '4', '2117.50', '1690', NULL, 'y', NULL, 9, 4, 227, '2017-01-19 05:24:49', '2017-01-19 05:24:49'),
(1213, '0.91', '628.44', '553', NULL, 'y', NULL, 3, 34, 587, '2017-01-19 05:25:08', '2017-01-19 05:25:08'),
(1214, '0.91', '628.44', '553', NULL, 'y', NULL, 3, 34, 589, '2017-01-19 05:25:44', '2017-01-19 05:25:44'),
(1215, '4', '2117.50', '1690', NULL, 'y', NULL, 9, 4, 228, '2017-01-19 05:25:45', '2017-01-19 05:25:45'),
(1216, '0.91', '628.44', '553', NULL, 'y', NULL, 3, 34, 590, '2017-01-19 05:26:21', '2017-01-19 05:26:21'),
(1217, '0.91', '628.44', '553', NULL, 'y', NULL, 3, 34, 588, '2017-01-19 05:26:47', '2017-01-19 05:26:47'),
(1218, '4', '2117.50', '1690', NULL, 'y', NULL, 9, 4, 229, '2017-01-19 05:27:08', '2017-01-19 05:27:08'),
(1219, '0.91', '628.44', '553', NULL, 'y', NULL, 3, 34, 591, '2017-01-19 05:27:13', '2017-01-19 05:27:13'),
(1220, '4', '2117.50', '1690', NULL, 'y', NULL, 9, 4, 230, '2017-01-19 05:27:36', '2017-01-19 05:27:36'),
(1221, '0.91', '628.44', '553', NULL, 'y', NULL, 3, 34, 592, '2017-01-19 05:27:42', '2017-01-19 05:27:42'),
(1222, '4', '2117.50', '1690', NULL, 'y', NULL, 9, 4, 231, '2017-01-19 05:28:10', '2017-01-19 05:28:10'),
(1223, '0.91', '628.44', '553', NULL, 'y', NULL, 3, 34, 593, '2017-01-19 05:28:11', '2017-01-19 05:28:11'),
(1224, '4', '2117.50', '1690', NULL, 'y', NULL, 9, 4, 232, '2017-01-19 05:28:36', '2017-01-19 05:28:36'),
(1225, '0.91', '628.44', '553', NULL, 'y', NULL, 3, 34, 594, '2017-01-19 05:28:37', '2017-01-19 05:28:37'),
(1226, '0.91', '628.44', '553', NULL, 'y', NULL, 3, 34, 595, '2017-01-19 05:28:57', '2017-01-19 05:28:57'),
(1227, '4', '2117.50', '1690', NULL, 'y', NULL, 9, 4, 233, '2017-01-19 05:29:05', '2017-01-19 05:29:05'),
(1228, '4', '2117.50', '1690', NULL, 'y', NULL, 9, 4, 234, '2017-01-19 05:29:38', '2017-01-19 05:29:38'),
(1229, '1', '564.57', '450', NULL, 'y', NULL, 9, 4, 210, '2017-01-19 05:30:58', '2017-01-19 05:30:58'),
(1230, '1', '564.57', '450', NULL, 'y', NULL, 9, 4, 211, '2017-01-19 05:32:17', '2017-01-19 05:32:17'),
(1231, '1', '564.57', '450', NULL, 'y', NULL, 9, 4, 212, '2017-01-19 05:32:50', '2017-01-19 05:32:50'),
(1232, '1', '564.57', '450', NULL, 'y', NULL, 9, 4, 213, '2017-01-19 05:34:05', '2017-01-19 05:34:05'),
(1233, '1', '564.57', '450', NULL, 'y', NULL, 9, 4, 214, '2017-01-19 05:34:41', '2017-01-19 05:34:41'),
(1234, '1', '564.57', '450', NULL, 'y', NULL, 9, 4, 215, '2017-01-19 05:35:07', '2017-01-19 05:35:07'),
(1235, '1', '564.57', '450', NULL, 'y', NULL, 9, 4, 216, '2017-01-19 05:35:38', '2017-01-19 05:35:38'),
(1236, '1', '564.57', '450', NULL, 'y', NULL, 9, 4, 217, '2017-01-19 05:36:31', '2017-01-19 05:36:31'),
(1237, '1', '564.57', '450', NULL, 'y', NULL, 9, 4, 218, '2017-01-19 05:37:20', '2017-01-19 05:37:20'),
(1238, '1', '564.57', '450', NULL, 'y', NULL, 9, 4, 219, '2017-01-19 05:37:48', '2017-01-19 05:37:48'),
(1239, '1', '564.57', '450', NULL, 'y', NULL, 9, 4, 220, '2017-01-19 05:38:16', '2017-01-19 05:38:16'),
(1240, '1', '564.57', '450', NULL, 'y', NULL, 9, 4, 221, '2017-01-19 05:39:05', '2017-01-19 05:39:05'),
(1241, '1', '564.57', '450', NULL, 'y', NULL, 9, 4, 222, '2017-01-19 05:42:32', '2017-01-19 05:42:32'),
(1242, '1', '564.57', '450', NULL, 'y', NULL, 9, 4, 223, '2017-01-19 05:43:27', '2017-01-19 05:43:27'),
(1243, '1', '564.57', '450', NULL, 'y', NULL, 9, 4, 224, '2017-01-19 05:44:32', '2017-01-19 05:44:32'),
(1244, '1', '564.57', '450', NULL, 'y', NULL, 9, 4, 225, '2017-01-19 05:45:03', '2017-01-19 05:45:03'),
(1245, '1', '564.57', '450', NULL, 'y', NULL, 9, 4, 226, '2017-01-19 05:45:29', '2017-01-19 05:45:29'),
(1246, '1', '564.57', '450', NULL, 'y', NULL, 9, 4, 227, '2017-01-19 05:46:08', '2017-01-19 05:46:08'),
(1247, '1', '564.57', '450', NULL, 'y', NULL, 9, 4, 228, '2017-01-19 05:46:51', '2017-01-19 05:46:51'),
(1248, '1', '564.57', '450', NULL, 'y', NULL, 9, 4, 229, '2017-01-19 05:47:34', '2017-01-19 05:47:34'),
(1249, '1', '564.57', '450', NULL, 'y', NULL, 9, 4, 230, '2017-01-19 05:48:17', '2017-01-19 05:48:17'),
(1250, '1', '564.57', '450', NULL, 'y', NULL, 9, 4, 231, '2017-01-19 05:48:55', '2017-01-19 05:48:55'),
(1251, '1', '564.57', '450', NULL, 'y', NULL, 9, 4, 232, '2017-01-19 05:49:28', '2017-01-19 05:49:28'),
(1252, '1', '564.57', '450', NULL, 'y', NULL, 9, 4, 233, '2017-01-19 05:49:59', '2017-01-19 05:49:59'),
(1253, '1', '564.57', '450', NULL, 'y', NULL, 9, 4, 234, '2017-01-19 05:50:27', '2017-01-19 05:50:27'),
(1254, '14.56', '4986.63', '4388', NULL, 'y', NULL, 3, 33, 478, '2017-01-19 06:14:23', '2017-01-19 06:14:23'),
(1255, '16', '7733.92', '6190', NULL, 'y', NULL, 9, 2, 161, '2017-01-19 06:14:45', '2017-01-19 06:14:45'),
(1256, '14.56', '4986.63', '4388', NULL, 'y', NULL, 3, 33, 479, '2017-01-19 06:15:06', '2017-01-19 06:15:06'),
(1257, '14.56', '4986.63', '4388', NULL, 'y', NULL, 3, 33, 485, '2017-01-19 06:15:42', '2017-01-19 06:15:42'),
(1258, '16', '8258.25', '6600', NULL, 'y', NULL, 9, 4, 210, '2017-01-19 06:15:46', '2017-01-19 06:15:46'),
(1259, '16', '8258.25', '6600', NULL, 'y', NULL, 9, 4, 228, '2017-01-19 06:16:48', '2017-01-19 06:16:48'),
(1260, '14.56', '2421.78', '2131', NULL, 'y', NULL, 3, 37, 644, '2017-01-19 06:16:57', '2017-01-19 06:16:57'),
(1261, '14.56', '2421.78', '2131', NULL, 'y', NULL, 3, 37, 636, '2017-01-19 06:17:26', '2017-01-19 06:17:26'),
(1262, '14.56', '2421.78', '2131', NULL, 'y', NULL, 3, 37, 646, '2017-01-19 06:17:55', '2017-01-19 06:17:55'),
(1263, '14.56', '4245.78', '3736', NULL, 'y', NULL, 3, 35, 549, '2017-01-19 06:18:41', '2017-01-19 06:18:41'),
(1264, '14.56', '4245.78', '3736', NULL, 'y', NULL, 3, 35, 559, '2017-01-19 06:19:11', '2017-01-19 06:19:11'),
(1265, '14.56', '4245.78', '3736', NULL, 'y', NULL, 3, 35, 554, '2017-01-19 06:19:44', '2017-01-19 06:19:44'),
(1266, '16', '9278.40', '8165', NULL, 'y', NULL, 3, 41, 497, '2017-01-19 06:20:50', '2017-01-19 06:20:50'),
(1267, '16', '9278.40', '8165', NULL, 'y', NULL, 3, 41, 506, '2017-01-19 06:21:17', '2017-01-19 06:21:17'),
(1268, '14.56', '9329.48', '8210', NULL, 'y', NULL, 3, 36, 614, '2017-01-19 06:22:34', '2017-01-19 06:22:34'),
(1269, '14.56', '9329.48', '8210', NULL, 'y', NULL, 3, 36, 620, '2017-01-19 06:23:17', '2017-01-19 06:23:17');

-- --------------------------------------------------------

--
-- Table structure for table `password_resets`
--

CREATE TABLE `password_resets` (
  `email` varchar(255) COLLATE utf8_unicode_ci NOT NULL,
  `token` varchar(255) COLLATE utf8_unicode_ci NOT NULL,
  `created_at` timestamp NULL DEFAULT NULL
) ENGINE=InnoDB DEFAULT CHARSET=utf8 COLLATE=utf8_unicode_ci;

-- --------------------------------------------------------

--
-- Table structure for table `products`
--

CREATE TABLE `products` (
  `id` int(10) UNSIGNED NOT NULL,
  `product_name` varchar(255) COLLATE utf8_unicode_ci NOT NULL,
  `product_detail` varchar(255) COLLATE utf8_unicode_ci NOT NULL,
  `product_pic` varchar(255) COLLATE utf8_unicode_ci NOT NULL,
  `product_sort_id` int(11) DEFAULT NULL,
  `brand_id` int(10) UNSIGNED NOT NULL,
  `created_at` timestamp NULL DEFAULT NULL,
  `updated_at` timestamp NULL DEFAULT NULL
) ENGINE=InnoDB DEFAULT CHARSET=utf8 COLLATE=utf8_unicode_ci;

--
-- Dumping data for table `products`
--

INSERT INTO `products` (`id`, `product_name`, `product_detail`, `product_pic`, `product_sort_id`, `brand_id`, `created_at`, `updated_at`) VALUES
(1, 'Diamond MATT ENAMEL', '', 'data/diam/frame-1.png', 0, 9, NULL, NULL),
(2, 'Diamond ACRYLIC PLASTIC EMULSION', '', 'data/diam/frame-2.png', 2, 9, NULL, NULL),
(3, 'Diamond DURASILX', '', 'data/diam/frame-3.png', 3, 9, NULL, NULL),
(4, 'Diamond WEATHER DEFENDER', '', 'data/diam/frame-4.png', 4, 9, NULL, NULL),
(5, 'Diamond EMULSION', '', 'data/diam/frame-5.png', 5, 9, NULL, NULL),
(6, 'Diamond SYNTHETIC ENAMEL', '', 'data/diam/frame-6.png', 6, 9, NULL, NULL),
(7, 'ICIDulux VELVET TOUCH', '', 'data/dulux/01.png', 1, 10, NULL, NULL),
(8, 'ICIDulux PENTALITE CLASSIC', '', 'data/dulux/02.png', 2, 10, NULL, NULL),
(9, 'ICIDulux PAINTEX EMULSION', '', 'data/dulux/03.png', 3, 10, NULL, NULL),
(10, 'ICIDulux MATT ENAMAL', '', 'data/dulux/04.png', 4, 10, NULL, NULL),
(11, 'ICIDulux GLOSS ENAMEL', '', 'data/dulux/05.png', 5, 10, NULL, NULL),
(12, 'ICIDulux LIGHT & SPACE', '', 'data/dulux/06.png', 6, 10, NULL, NULL),
(13, 'Master SYNTHETHIC ENAMEL', '', 'data/master/frame-1.png', 7, 8, NULL, NULL),
(14, 'Master WEATHER RESISTANT', '', 'data/master/frame-2.png', 8, 8, NULL, NULL),
(15, 'Master MATT ENAMEL', '', 'data/master/frame-3.png', 9, 8, NULL, NULL),
(16, 'Master ROYAL MATT ENAMAL', '', 'data/master/frame-4.png', 10, 8, NULL, NULL),
(17, 'Master SUPER EMULSION', '', 'data/master/frame-5.png', 11, 8, NULL, NULL),
(18, 'ICIDulux WEATHERSHILD', '', 'data/dulux/07.png', 7, 10, NULL, NULL),
(19, 'ICIDulux PRIME-ON', '', 'data/dulux/8.png', 8, 10, NULL, NULL),
(20, 'ICIDulux AQUA-PRIME', '', 'data/dulux/9.png', 9, 10, NULL, NULL),
(21, 'ICIDulux WEATHER PUTTY', '', 'data/dulux/10.png', 10, 10, NULL, NULL),
(22, 'ICIDulux WALL PUTTY', '', 'data/dulux/11.png', 11, 10, NULL, NULL),
(23, 'Brighto ALL WEATHER', '', 'data/brighto/1.png', NULL, 7, NULL, NULL),
(24, 'Brighto PLASTIC EMULSION', '', 'data/brighto/2.png', NULL, 7, NULL, NULL),
(25, 'Brighto MATT FINISH', '', 'data/brighto/3.png', NULL, 7, NULL, NULL),
(26, 'Brighto STAIN FREE', '', 'data/brighto/4.png', NULL, 7, NULL, NULL),
(27, 'Brighto SUPER EMULSION', '', 'data/brighto/5.png', NULL, 7, NULL, NULL),
(28, 'Brighto SYNTHETIC ENAMEL', '', 'data/brighto/6.png', NULL, 7, NULL, NULL),
(29, 'Brighto EXTERIOR PRIMER', '', 'data/brighto/7.png', NULL, 7, NULL, NULL),
(30, 'Brighto WALL PUTTY', '', 'data/brighto/8.png', NULL, 7, NULL, NULL),
(31, 'Brighto INTERIOR FILLER', '', 'data/brighto/9.png', NULL, 7, NULL, NULL),
(32, 'Brighto EXTERIOR FILLER', '', 'data/brighto/10.png', NULL, 7, NULL, NULL),
(33, 'Berger EAZY CLEAN', '', 'data/berger/1.png', NULL, 3, NULL, NULL),
(34, 'Berger ELEGANCE LONGLIFE ENAMEL', '', 'data/berger/2.png', NULL, 3, NULL, NULL),
(35, 'Berger ECONOMY EMULSION', '', 'data/berger/3.png', NULL, 3, NULL, NULL),
(36, 'Berger ELEGANCE', '', 'data/berger/4.png', NULL, 3, NULL, NULL),
(37, 'Berger NU MULSION', '', 'data/berger/5.png', NULL, 3, NULL, NULL),
(38, 'Berger NU ENAMEL', '', 'data/berger/6.png', NULL, 3, NULL, NULL),
(39, 'Berger SILK EMULSION', '', 'data/berger/7.png', NULL, 3, NULL, NULL),
(40, 'Berger VIP SUPER GLOSS ENAMEL', '', 'data/berger/8.png', NULL, 3, NULL, NULL),
(41, 'Berger WEATHERCOAT', '', 'data/berger/9.png', NULL, 3, NULL, NULL),
(42, 'Nippon ODOUR-LESS AIR CARE', '', 'data/nippon/1.png', NULL, 4, NULL, NULL),
(43, 'Nippon EASY COAT', '', 'data/nippon/2.png', NULL, 4, NULL, NULL),
(44, 'Nippon GLOSS 9000', '', 'data/nippon/3.png', NULL, 4, NULL, NULL),
(45, 'Nippon PERFECT EMULSION', '', 'data/nippon/4.png', NULL, 4, NULL, NULL),
(46, 'Nippon WEATHERBOND ADVANCE', '', 'data/nippon/5.png', NULL, 4, NULL, NULL),
(47, 'Nippon SATIN GLO', '', 'data/nippon/6.png', NULL, 4, NULL, NULL),
(48, 'Nippon SUPER MATEX', '', 'data/nippon/7.png', NULL, 4, NULL, NULL),
(49, 'Nippon WEATHERBOND', '', 'data/nippon/8.png', NULL, 4, NULL, NULL),
(50, 'Master PLASTIC EMULSION', '', 'data/master/frame-6.png\r\n', NULL, 8, NULL, NULL),
(51, 'Nippon SPOT-LESS MATT EMULSION', '', 'data/nippon/9.png', NULL, 4, NULL, NULL),
(52, 'Nippon MATEX GOLD EMULSION', '', 'data/nippon/10.png', NULL, 4, NULL, NULL),
(53, 'Brolac LATEX EMULSION', '', 'data/brolac/1.png', NULL, 6, NULL, NULL),
(54, 'Brolac SPECIAL STUCCO PUTTY', '', 'data/brolac/2.png', NULL, 6, NULL, NULL),
(55, 'Brolac SPECIAL PLASTIC EMULSION', '', 'data/brolac/3.png', NULL, 6, NULL, NULL),
(56, 'Brolac PLASTASEAL FOR INTRIORS', '', 'data/brolac/4.png', NULL, 6, NULL, NULL),
(57, 'Brolac WEATHERFINE', '', 'data/brolac/5.png', NULL, 6, NULL, NULL),
(58, 'Brolac LATEX ENAMEL', '', 'data/brolac/6.png', NULL, 6, NULL, NULL),
(59, 'Brolac AQUA SILK EMULSION', '', 'data/brolac/7.png', NULL, 6, NULL, NULL),
(60, 'Brolac TUFF TEXTURE', '', 'data/brolac/8.png', NULL, 6, NULL, NULL);

-- --------------------------------------------------------

--
-- Table structure for table `services_query`
--

CREATE TABLE `services_query` (
  `id` int(10) UNSIGNED NOT NULL,
  `name` varchar(255) COLLATE utf8_unicode_ci DEFAULT NULL,
  `mobile_number` varchar(255) COLLATE utf8_unicode_ci DEFAULT NULL,
  `description` varchar(255) COLLATE utf8_unicode_ci NOT NULL,
  `type` varchar(255) COLLATE utf8_unicode_ci NOT NULL,
  `is_read` varchar(255) COLLATE utf8_unicode_ci NOT NULL DEFAULT 'N',
  `is_responded` varchar(255) COLLATE utf8_unicode_ci NOT NULL DEFAULT 'N',
  `created_at` timestamp NULL DEFAULT NULL,
  `updated_at` timestamp NULL DEFAULT NULL
) ENGINE=InnoDB DEFAULT CHARSET=utf8 COLLATE=utf8_unicode_ci;

-- --------------------------------------------------------

--
-- Table structure for table `shades`
--

CREATE TABLE `shades` (
  `id` int(10) UNSIGNED NOT NULL,
  `shade_name` varchar(255) COLLATE utf8_unicode_ci NOT NULL,
  `shade_code` varchar(255) COLLATE utf8_unicode_ci NOT NULL,
  `shade_pic` varchar(255) COLLATE utf8_unicode_ci DEFAULT NULL,
  `shade_color` varchar(255) COLLATE utf8_unicode_ci NOT NULL,
  `shade_type` varchar(255) COLLATE utf8_unicode_ci DEFAULT NULL,
  `shade_sort_id` int(11) DEFAULT NULL,
  `brand_id` int(10) UNSIGNED NOT NULL,
  `product_id` int(10) UNSIGNED NOT NULL,
  `created_at` timestamp NULL DEFAULT NULL,
  `updated_at` timestamp NULL DEFAULT NULL
) ENGINE=InnoDB DEFAULT CHARSET=utf8 COLLATE=utf8_unicode_ci;

--
-- Dumping data for table `shades`
--

INSERT INTO `shades` (`id`, `shade_name`, `shade_code`, `shade_pic`, `shade_color`, `shade_type`, `shade_sort_id`, `brand_id`, `product_id`, `created_at`, `updated_at`) VALUES
(3, 'Brilliant White', '0101', NULL, '#fffbf8', NULL, NULL, 10, 11, '2017-01-11 06:41:56', '2017-01-11 06:41:56'),
(4, 'Off White', '0032', NULL, '#e8e5c2', NULL, NULL, 10, 11, '2017-01-11 06:43:52', '2017-01-11 06:43:52'),
(5, 'County Cream', '0057', NULL, '#e8d9b0', NULL, NULL, 10, 11, '2017-01-11 06:45:37', '2017-01-11 06:45:37'),
(6, 'Clay', '4254', NULL, '#aba38e', NULL, NULL, 10, 11, '2017-01-11 06:46:46', '2017-01-11 06:46:46'),
(7, 'Antelope', '4253', NULL, '#938584', NULL, NULL, 10, 11, '2017-01-11 06:48:08', '2017-01-11 06:48:08'),
(8, 'Beige', '4013', NULL, '#b7916a', NULL, NULL, 10, 11, '2017-01-11 06:49:45', '2017-01-11 06:49:45'),
(9, 'Pumice', '4256', NULL, '#bec9cf', NULL, NULL, 10, 11, '2017-01-11 06:50:48', '2017-01-11 06:50:48'),
(10, 'Oyster', '3133', NULL, '#acaa9e', NULL, NULL, 10, 11, '2017-01-11 06:51:59', '2017-01-11 06:51:59'),
(11, 'Court Grey', '0676', NULL, '#a3aca7', NULL, NULL, 10, 11, '2017-01-11 06:53:14', '2017-01-11 06:53:14'),
(12, 'Light Grey', '4009', NULL, '#767f7c', NULL, NULL, 10, 11, '2017-01-11 06:54:39', '2017-01-11 06:54:39'),
(13, 'Smoke Grey', '0492', NULL, '#425f67', NULL, NULL, 10, 11, '2017-01-11 06:56:00', '2017-01-11 06:56:00'),
(14, 'Dark Admirality Grey', '0105', NULL, '#324049', NULL, NULL, 10, 11, '2017-01-11 06:57:39', '2017-01-11 06:57:39'),
(15, 'Coriander', '4255', NULL, '#978e89', NULL, NULL, 10, 11, '2017-01-11 06:59:05', '2017-01-11 06:59:05'),
(16, 'Signal Red', '0437', NULL, '#9f0632', NULL, NULL, 10, 11, '2017-01-11 07:00:47', '2017-01-11 07:00:47'),
(17, 'Post Office Red', '0438', NULL, '#89132b', NULL, NULL, 10, 11, '2017-01-11 07:03:34', '2017-01-11 07:03:34'),
(18, 'Red Oxide', '3139', NULL, '#370006', NULL, NULL, 10, 11, '2017-01-11 07:05:27', '2017-01-11 07:05:27'),
(19, 'Brown', '4012', NULL, '#200001', NULL, NULL, 10, 11, '2017-01-11 07:07:00', '2017-01-11 07:07:00'),
(20, 'Conker', '3131', NULL, '#060000', NULL, NULL, 10, 11, '2017-01-11 07:08:18', '2017-01-11 07:08:18'),
(21, 'Sea Grean', '2229', NULL, '#52bd89', NULL, NULL, 10, 11, '2017-01-11 07:09:50', '2017-01-11 07:09:50'),
(22, 'Ocean Turqoise', '2474', NULL, '#39bba1', NULL, NULL, 10, 11, '2017-01-11 07:11:38', '2017-01-11 07:11:38'),
(23, 'Comet Blue', '4008', NULL, '#349bbe', NULL, NULL, 10, 11, '2017-01-11 07:13:44', '2017-01-11 07:13:44'),
(24, 'Light Blue', '4003', NULL, '#005993', NULL, NULL, 10, 11, '2017-01-11 07:14:45', '2017-01-11 07:14:45'),
(25, 'Pacific Blue', '0612', NULL, '#015583', NULL, NULL, 10, 11, '2017-01-11 07:16:12', '2017-01-11 07:16:12'),
(26, 'Oxford Blue', '0113', NULL, '#02012d', NULL, NULL, 10, 11, '2017-01-11 07:18:13', '2017-01-11 07:18:13'),
(27, 'Eau-de-nil', '0119', NULL, '#648956', NULL, NULL, 10, 11, '2017-01-11 07:20:06', '2017-01-11 07:20:06'),
(28, 'Spring Green', '4002', NULL, '#568c3e', NULL, NULL, 10, 11, '2017-01-11 07:21:31', '2017-01-11 07:21:31'),
(29, 'Atlantis', '4257', NULL, '#004b50', NULL, NULL, 10, 11, '2017-01-11 07:23:11', '2017-01-11 07:23:11'),
(30, 'Buckingham Green', '0202', NULL, '#013119', NULL, NULL, 10, 11, '2017-01-11 07:27:28', '2017-01-11 07:27:28'),
(31, 'Signal Green', '4001', NULL, '#002a20', NULL, NULL, 10, 11, '2017-01-11 07:28:57', '2017-01-11 07:28:57'),
(32, 'Scarab', '3138', NULL, '#002b31', NULL, NULL, 10, 11, '2017-01-11 07:30:02', '2017-01-11 07:30:02'),
(33, 'White', '9201/9301', NULL, '#ffffff', NULL, NULL, 10, 7, '2017-01-11 23:37:56', '2017-01-11 23:37:56'),
(34, 'Lavender White', '9207/9307', NULL, '#eae9e7', NULL, NULL, 10, 7, '2017-01-11 23:39:33', '2017-01-11 23:39:33'),
(35, 'Peach Goddess', '9212/9312', NULL, '#f3cdba', NULL, NULL, 10, 7, '2017-01-11 23:41:04', '2017-01-11 23:41:04'),
(36, 'Dove White', '9217/9317', NULL, '#faf4e4', NULL, NULL, 10, 7, '2017-01-11 23:42:35', '2017-01-11 23:42:35'),
(37, 'Kitten White', '9204/9304', NULL, '#f3f1dc', NULL, NULL, 10, 7, '2017-01-11 23:43:44', '2017-01-11 23:43:44'),
(38, 'Almond Wisp', '9208/9308', NULL, '#f8f1de', NULL, NULL, 10, 7, '2017-01-11 23:45:22', '2017-01-11 23:45:22'),
(39, 'Fresh Green', '9213/9313', NULL, '#d8e9b3', NULL, NULL, 10, 7, '2017-01-11 23:46:36', '2017-01-11 23:46:36'),
(40, 'Lvory Palace', '9218/9318', NULL, '#fff6db', NULL, NULL, 10, 7, '2017-01-11 23:48:02', '2017-01-11 23:48:02'),
(41, 'Antique White', '9205/9305', NULL, '#f0edde', NULL, NULL, 10, 7, '2017-01-11 23:49:26', '2017-01-11 23:49:26'),
(42, 'Honey White ', '9209/9309', NULL, '#f9f1dc', NULL, NULL, 10, 7, '2017-01-11 23:50:40', '2017-01-11 23:50:40'),
(43, 'Lvory Silk', '9214/9314', NULL, '#e9e2c5', NULL, NULL, 10, 7, '2017-01-11 23:52:13', '2017-01-11 23:52:13'),
(44, 'Snowfield', '9219/9319', NULL, '#f0f2ef', NULL, NULL, 10, 7, '2017-01-11 23:53:57', '2017-01-11 23:53:57'),
(45, 'Ash White', '9203/9303', NULL, '#cbd6c5', NULL, NULL, 10, 7, '2017-01-11 23:55:13', '2017-01-11 23:55:13'),
(46, 'Brazil Nut', '9210/9310', NULL, '#ebe0c4', NULL, NULL, 10, 7, '2017-01-11 23:56:32', '2017-01-11 23:56:32'),
(47, 'Swiss White', '9215/9315', NULL, '#f1e4c4', NULL, NULL, 10, 7, '2017-01-11 23:58:05', '2017-01-11 23:58:05'),
(48, 'Off White', '9202/9302', NULL, '#fff0bd', NULL, NULL, 10, 7, '2017-01-11 23:59:17', '2017-01-11 23:59:17'),
(49, 'Cockleshell', '9206/9306', NULL, '#e6e2c7', NULL, NULL, 10, 7, '2017-01-12 00:00:47', '2017-01-12 00:00:47'),
(50, 'Manila Tan', '9211/9311', NULL, '#e2dcc4', NULL, NULL, 10, 7, '2017-01-12 00:01:57', '2017-01-12 00:01:57'),
(51, 'Whisper White', '9216/9316', NULL, '#ece5d2', NULL, NULL, 10, 7, '2017-01-12 00:03:17', '2017-01-12 00:03:17'),
(52, 'Zephyr', '9220/9320', NULL, '#ccb186', NULL, NULL, 10, 7, '2017-01-12 00:04:27', '2017-01-12 00:04:27'),
(53, 'Lvory Palace', '6104', NULL, '#fffcdd', NULL, NULL, 10, 8, '2017-01-12 00:12:15', '2017-01-12 00:12:15'),
(54, 'Lily White', '1917', NULL, '#fffae4', NULL, NULL, 10, 8, '2017-01-12 00:13:49', '2017-01-12 00:13:49'),
(55, 'Gold Thread', '6126', NULL, '#f0e589', NULL, NULL, 10, 8, '2017-01-12 00:15:10', '2017-01-12 00:15:10'),
(56, 'Ribbon Yellow', '6123', NULL, '#fff385', NULL, NULL, 10, 8, '2017-01-12 00:16:50', '2017-01-12 00:16:50'),
(57, 'Stunning Gold', '6124', NULL, '#d8c078', NULL, NULL, 10, 8, '2017-01-12 00:18:10', '2017-01-12 00:18:10'),
(58, 'Mango Yellow', '6125', NULL, '#fec246', NULL, NULL, 10, 8, '2017-01-12 00:19:26', '2017-01-12 00:19:26'),
(59, 'Rose Mist', '2652', NULL, '#ffedd5', NULL, NULL, 10, 8, '2017-01-12 00:20:46', '2017-01-12 00:20:46'),
(60, 'Peach Goddess', '6159', NULL, '#ecd4a6', NULL, NULL, 10, 8, '2017-01-12 00:22:02', '2017-01-12 00:22:02'),
(61, 'Salmon', '6164', NULL, '#dc936a', NULL, NULL, 10, 8, '2017-01-12 00:23:10', '2017-01-12 00:23:10'),
(62, 'Peach Country', '6161', NULL, '#ca9a76', NULL, NULL, 10, 8, '2017-01-12 00:24:27', '2017-01-12 00:24:27'),
(63, 'Arizona Sunset', '6160', NULL, '#eb9a63', NULL, NULL, 10, 8, '2017-01-12 00:25:54', '2017-01-12 00:25:54'),
(64, 'Flamenco', '1285', NULL, '#c97553', NULL, NULL, 10, 8, '2017-01-12 00:27:07', '2017-01-12 00:27:07'),
(65, 'Moon Flower', '2651', NULL, '#fff3e5', NULL, NULL, 10, 8, '2017-01-12 00:28:21', '2017-01-12 00:28:21'),
(66, 'Cherry Blossom Pink', '6176', NULL, '#fcd4d2', NULL, NULL, 10, 8, '2017-01-12 00:30:25', '2017-01-12 00:30:25'),
(67, 'Classical', '6170', NULL, '#e4cad3', NULL, NULL, 10, 8, '2017-01-12 00:31:47', '2017-01-12 00:31:47'),
(68, 'Pink Pavilion', '6172', NULL, '#d2b1ac', NULL, NULL, 10, 8, '2017-01-12 00:33:19', '2017-01-12 00:33:19'),
(69, 'Tile Red', '6174', NULL, '#972831', NULL, NULL, 10, 8, '2017-01-12 00:34:18', '2017-01-12 00:34:18'),
(70, 'Salsa', '6171', NULL, '#702426', NULL, NULL, 10, 8, '2017-01-12 00:35:16', '2017-01-12 00:35:16'),
(71, 'Rose White', '1916', NULL, '#fffadd', NULL, NULL, 10, 8, '2017-01-12 00:36:43', '2017-01-12 00:36:43'),
(72, 'Lvory Silk', '6108', NULL, '#fefadd', NULL, NULL, 10, 8, '2017-01-12 00:37:49', '2017-01-12 00:37:49'),
(73, 'Honey Dew', '6820', NULL, '#e7caa2', NULL, NULL, 10, 8, '2017-01-12 00:39:13', '2017-01-12 00:39:13'),
(74, 'Red Fog', '6181', NULL, '#b49785', NULL, NULL, 10, 8, '2017-01-12 00:40:21', '2017-01-12 00:40:21'),
(75, 'Spice', '1289', NULL, '#6d5a49', NULL, NULL, 10, 8, '2017-01-12 00:41:20', '2017-01-12 00:41:20'),
(76, 'Red Brick', '6162', NULL, '#695144', NULL, NULL, 10, 8, '2017-01-12 00:42:26', '2017-01-12 00:42:26'),
(77, 'Crystal Green', '6117', NULL, '#f6f9e8', NULL, NULL, 10, 8, '2017-01-12 00:43:41', '2017-01-12 00:43:41'),
(78, 'Mountain Mist', '6148', NULL, '#f0f8e0', NULL, NULL, 10, 8, '2017-01-12 00:44:52', '2017-01-12 00:44:52'),
(79, 'Fresh Green', '6139', NULL, '#e5efd7', NULL, NULL, 10, 8, '2017-01-12 00:46:14', '2017-01-12 00:46:14'),
(80, 'Glacier', '6114', NULL, '#b0c9b3', NULL, NULL, 10, 8, '2017-01-12 00:47:16', '2017-01-12 00:47:16'),
(81, 'Calm Green', '6147', NULL, '#e6efd0', NULL, NULL, 10, 8, '2017-01-12 00:48:25', '2017-01-12 00:48:25'),
(82, 'Leaf Green', '6145', NULL, '#738a44', NULL, NULL, 10, 8, '2017-01-12 00:49:33', '2017-01-12 00:49:33'),
(83, 'White Lavender', '6112', NULL, '#e9f3e8', NULL, NULL, 10, 8, '2017-01-12 00:50:56', '2017-01-12 00:50:56'),
(84, 'Hazy Blue', '6131', NULL, '#dde9dd', NULL, NULL, 10, 8, '2017-01-12 00:52:15', '2017-01-12 00:52:15'),
(85, 'Blue Ice', '6105', NULL, '#c2d1d8', NULL, NULL, 10, 8, '2017-01-12 00:53:21', '2017-01-12 00:53:21'),
(86, 'Blue Flame', '6130', NULL, '#96c0d9', NULL, NULL, 10, 8, '2017-01-12 00:54:32', '2017-01-12 00:54:32'),
(87, 'Blue Heaven', '2003', NULL, '#7d9297', NULL, NULL, 10, 8, '2017-01-12 00:55:46', '2017-01-12 00:55:46'),
(88, 'Blue Street', '6132', NULL, '#0d406b', NULL, NULL, 10, 8, '2017-01-12 00:57:01', '2017-01-12 00:57:01'),
(89, 'Lavender White', '3166', NULL, '#f3f6e1', NULL, NULL, 10, 8, '2017-01-12 00:58:41', '2017-01-12 00:58:41'),
(90, 'Dove White', '6111', NULL, '#ededd5', NULL, NULL, 10, 8, '2017-01-12 00:59:58', '2017-01-12 00:59:58'),
(91, 'Ash White', '1919', NULL, '#fef8d4', NULL, NULL, 10, 8, '2017-01-12 01:01:02', '2017-01-12 01:01:02'),
(92, 'Whisper White', '6110', NULL, '#f4f4dc', NULL, NULL, 10, 8, '2017-01-12 01:02:22', '2017-01-12 01:02:22'),
(93, 'Falcon Grey', '6115', NULL, '#bfc0b0', NULL, NULL, 10, 8, '2017-01-12 01:03:32', '2017-01-12 01:03:32'),
(94, 'Ice Star', '6116', NULL, '#6c7874', NULL, NULL, 10, 8, '2017-01-12 01:04:37', '2017-01-12 01:04:37'),
(95, 'Shadow Rose', '6180', NULL, '#e7e6d2', NULL, NULL, 10, 8, '2017-01-12 01:06:11', '2017-01-12 01:06:11'),
(96, 'Vogue Violet', '6151', NULL, '#dde8da', NULL, NULL, 10, 8, '2017-01-12 01:07:50', '2017-01-12 01:07:50'),
(97, 'Orchard Lane', '6154', NULL, '#c9cee4', NULL, NULL, 10, 8, '2017-01-12 01:09:07', '2017-01-12 01:09:07'),
(98, 'Mallow', '3155', NULL, '#d8cccc', NULL, NULL, 10, 8, '2017-01-12 01:10:21', '2017-01-12 01:10:21'),
(99, 'Secret Lilac', '6150', NULL, '#c2b3ae', NULL, NULL, 10, 8, '2017-01-12 01:11:47', '2017-01-12 01:11:47'),
(100, 'Newage Lilac', '6153', NULL, '#ada4a9', NULL, NULL, 10, 8, '2017-01-12 01:13:11', '2017-01-12 01:13:11'),
(101, 'Satin White', '2143', NULL, '#fcfdff', NULL, NULL, 10, 10, '2017-01-12 01:23:41', '2017-01-12 01:23:41'),
(102, 'Kitten White', '4702', NULL, '#fee8b6', NULL, NULL, 10, 10, '2017-01-12 01:25:08', '2017-01-12 01:25:08'),
(103, 'Swiss Almond', '8189', NULL, '#f9c387', NULL, NULL, 10, 10, '2017-01-12 01:26:23', '2017-01-12 01:26:23'),
(104, 'Rose White', '3128', NULL, '#ffdaa3', NULL, NULL, 10, 10, '2017-01-12 01:27:37', '2017-01-12 01:27:37'),
(105, 'Honey Frost', '60YY 72/225', NULL, '#e8da8f', NULL, NULL, 10, 10, '2017-01-12 01:29:34', '2017-01-12 01:29:34'),
(106, 'Iced Pink', '64RR 80/073', NULL, '#fdeaee', NULL, NULL, 10, 10, '2017-01-12 01:31:24', '2017-01-12 01:31:24'),
(107, 'Reflection', '4712', NULL, '#f1edd2', NULL, NULL, 10, 10, '2017-01-12 01:33:10', '2017-01-12 01:33:10'),
(108, 'Bone White', '4713', NULL, '#f7f0bc', NULL, NULL, 10, 10, '2017-01-12 01:34:51', '2017-01-12 01:34:51'),
(109, 'Orion', '3124', NULL, '#cac4aa', NULL, NULL, 10, 10, '2017-01-12 01:35:49', '2017-01-12 01:35:49'),
(110, 'Peach Silk', '4708', NULL, '#e3c5ad', NULL, NULL, 10, 10, '2017-01-12 01:37:27', '2017-01-12 01:37:27'),
(111, 'Golden Day', '35YY 71/474', NULL, '#fede65', NULL, NULL, 10, 10, '2017-01-12 01:38:48', '2017-01-12 01:38:48'),
(112, 'Terra Rose', '50YR 53/160', NULL, '#d4aa9c', NULL, NULL, 10, 10, '2017-01-12 01:40:07', '2017-01-12 01:40:07'),
(113, 'Off White', '2144', NULL, '#f9edc5', NULL, NULL, 10, 10, '2017-01-12 01:41:05', '2017-01-12 01:41:05'),
(114, 'Daisy Chain', '4704', NULL, '#fbe38d', NULL, NULL, 10, 10, '2017-01-12 01:42:16', '2017-01-12 01:42:16'),
(115, 'Classic Lvory', '8180', NULL, '#c2a674', NULL, NULL, 10, 10, '2017-01-12 01:44:02', '2017-01-12 01:44:02'),
(116, 'Shingle', '3732', NULL, '#edcfb3', NULL, NULL, 10, 10, '2017-01-12 01:45:22', '2017-01-12 01:45:22'),
(117, 'True Yellow', '45YY 71/664', NULL, '#eed868', NULL, NULL, 10, 10, '2017-01-12 01:47:19', '2017-01-12 01:47:19'),
(118, 'Coral Beach', '10YR 38/318', NULL, '#d47c78', NULL, NULL, 10, 10, '2017-01-12 01:48:52', '2017-01-12 01:48:52'),
(119, 'Antique White', '4710', NULL, '#e9e6c3', NULL, NULL, 10, 10, '2017-01-12 01:50:15', '2017-01-12 01:50:15'),
(120, 'Coral', '8173', NULL, '#e4ab97', NULL, NULL, 10, 10, '2017-01-12 01:52:00', '2017-01-12 01:52:00'),
(121, 'Abbey Cream', '4711', NULL, '#ddaf73', NULL, NULL, 10, 10, '2017-01-12 01:53:10', '2017-01-12 01:53:10'),
(122, 'Candy Pink', '8279', NULL, '#ac6e79', NULL, NULL, 10, 10, '2017-01-12 01:54:23', '2017-01-12 01:54:23'),
(123, 'Brilliance', '28YY 63/746', NULL, '#facb63', NULL, NULL, 10, 10, '2017-01-12 01:55:45', '2017-01-12 01:55:45'),
(124, 'Red Letter Day', '10YR 15/500', NULL, '#8c181b', NULL, NULL, 10, 10, '2017-01-12 01:57:09', '2017-01-12 01:57:09'),
(125, 'Halo', '3025', NULL, '#d1ceaf', NULL, NULL, 10, 10, '2017-01-12 01:58:13', '2017-01-12 01:58:13'),
(126, 'Apriocot', '8174', NULL, '#e49f68', NULL, NULL, 10, 10, '2017-01-12 01:59:57', '2017-01-12 01:59:57'),
(127, 'Light Chocolate', '8181', NULL, '#1a1706', NULL, NULL, 10, 10, '2017-01-12 02:01:21', '2017-01-12 02:01:21'),
(128, 'Passion', '8184', NULL, '#72222f', NULL, NULL, 10, 10, '2017-01-12 02:02:28', '2017-01-12 02:02:28'),
(129, 'Supernova', '19YY 51/758', NULL, '#f7bc60', NULL, NULL, 10, 10, '2017-01-12 02:04:06', '2017-01-12 02:04:06'),
(130, 'Rapture', '07YR 10/489', NULL, '#582023', NULL, NULL, 10, 10, '2017-01-12 02:05:48', '2017-01-12 02:05:48'),
(131, 'Denim Drift', '90BG 30/073', NULL, '#647879', NULL, NULL, 10, 10, '2017-01-12 02:07:34', '2017-01-12 02:07:34'),
(132, 'Soft Cloud', '90BG 72/088', NULL, '#c8dfd9', NULL, NULL, 10, 10, '2017-01-12 02:09:51', '2017-01-12 02:09:51'),
(133, 'Only Peach', '90YR 77/115', NULL, '#ffe0b4', NULL, NULL, 10, 10, '2017-01-12 02:11:33', '2017-01-12 02:11:33'),
(134, 'Orchid Shadow', '4701', NULL, '#c4baae', NULL, NULL, 10, 10, '2017-01-12 02:13:05', '2017-01-12 02:13:05'),
(135, 'Brilliant White', '4714', NULL, '#f4f7fc', NULL, NULL, 10, 10, '2017-01-12 02:14:11', '2017-01-12 02:14:11'),
(136, 'Lavender White', '3129', NULL, '#e6ded3', NULL, NULL, 10, 10, '2017-01-12 02:15:58', '2017-01-12 02:15:58'),
(137, 'White Ice', '4715', NULL, '#e6ddce', NULL, NULL, 10, 10, '2017-01-12 02:17:04', '2017-01-12 02:17:04'),
(138, 'Blue Chiffon', '77GB 57/234', NULL, '#96c7ce', NULL, NULL, 10, 10, '2017-01-12 02:18:55', '2017-01-12 02:18:55'),
(139, 'Pear Berry', '80YR 55/266', NULL, '#e8b286', NULL, NULL, 10, 10, '2017-01-12 02:20:39', '2017-01-12 02:20:39'),
(140, 'Light Mulberry', '4706', NULL, '#d1c1c2', NULL, NULL, 10, 10, '2017-01-12 02:21:49', '2017-01-12 02:21:49'),
(141, 'Onyx', '3125', NULL, '#c2ceaa', NULL, NULL, 10, 10, '2017-01-12 02:23:27', '2017-01-12 02:23:27'),
(142, 'Snowbell', '4709', NULL, '#e8e2d4', NULL, NULL, 10, 10, '2017-01-12 02:24:43', '2017-01-12 02:24:43'),
(143, 'Ash White', '3130', NULL, '#cec9b3', NULL, NULL, 10, 10, '2017-01-12 02:27:46', '2017-01-12 02:27:46'),
(144, 'Aristocratic', '10BB 50/177', NULL, '#9abbce', NULL, NULL, 10, 10, '2017-01-12 02:29:20', '2017-01-12 02:29:20'),
(145, 'Sea Coral', '70YR 35/332', NULL, '#a66f46', NULL, NULL, 10, 10, '2017-01-12 02:30:39', '2017-01-12 02:30:39'),
(146, 'Lilac Time', '4705', NULL, '#dccdc8', NULL, NULL, 10, 10, '2017-01-12 02:31:50', '2017-01-12 02:31:50'),
(147, 'Green Grapes', '8175', NULL, '#b7c563', NULL, NULL, 10, 10, '2017-01-12 02:33:00', '2017-01-12 02:33:00'),
(148, 'Shimmering Sky', '4707', NULL, '#d3d7c6', NULL, NULL, 10, 10, '2017-01-12 02:34:31', '2017-01-12 02:34:31'),
(149, 'Snow Mountain', '3122', NULL, '#ccc9b6', NULL, NULL, 10, 10, '2017-01-12 02:35:54', '2017-01-12 02:35:54'),
(150, 'Blue Streak', '70GB 24/380', NULL, '#00688f', NULL, NULL, 10, 10, '2017-01-12 02:38:24', '2017-01-12 02:38:24'),
(151, 'Woodley', '80YR 31/508', NULL, '#b15e2c', NULL, NULL, 10, 10, '2017-01-12 02:40:30', '2017-01-12 02:40:30'),
(152, 'Night Magic', '4703', NULL, '#8c87a7', NULL, NULL, 10, 10, '2017-01-12 02:42:09', '2017-01-12 02:42:09'),
(153, 'Foliage', '8172', NULL, '#467853', NULL, NULL, 10, 10, '2017-01-12 02:43:24', '2017-01-12 02:43:24'),
(154, 'Clear Sky', '8177', NULL, '#9ec2b8', NULL, NULL, 10, 10, '2017-01-12 02:44:35', '2017-01-12 02:44:35'),
(155, 'Sky Grey', '3730', NULL, '#b1b6a2', NULL, NULL, 10, 10, '2017-01-12 02:45:38', '2017-01-12 02:45:38'),
(156, 'Blazer Blue', '43BB 09/340', NULL, '#112a53', NULL, NULL, 10, 10, '2017-01-12 02:47:02', '2017-01-12 02:47:02'),
(157, 'Tinder Box', '50YR 12/406', NULL, '#643324', NULL, NULL, 10, 10, '2017-01-12 02:48:45', '2017-01-12 02:48:45'),
(158, 'Jade', '8188', NULL, '#004026', NULL, NULL, 10, 10, '2017-01-12 02:49:37', '2017-01-12 02:49:37'),
(159, 'Royale', '8178', NULL, '#1f4e78', NULL, NULL, 10, 10, '2017-01-12 02:50:40', '2017-01-12 02:50:40'),
(160, 'Black', '3736', NULL, '#000000', NULL, NULL, 10, 10, '2017-01-12 02:51:37', '2017-01-12 02:51:37'),
(161, 'Off White', '0513', NULL, '#fffde6', NULL, NULL, 9, 2, '2017-01-12 04:17:24', '2017-01-12 04:17:24'),
(162, 'Rose White', '0535', NULL, '#fff8e6', NULL, NULL, 9, 2, '2017-01-12 04:18:32', '2017-01-12 04:18:32'),
(163, 'Lvory', '0562', NULL, '#eff0e2', NULL, NULL, 9, 2, '2017-01-12 04:19:49', '2017-01-12 04:19:49'),
(164, 'Bamboo Gold', '0524', NULL, '#c3b882', NULL, NULL, 9, 2, '2017-01-12 04:21:24', '2017-01-12 04:21:24'),
(165, 'Crown Gold', '0533', NULL, '#d2bc82', NULL, NULL, 9, 2, '2017-01-12 04:22:25', '2017-01-12 04:22:25'),
(166, 'Henna ', '0553', NULL, '#867942', NULL, NULL, 9, 2, '2017-01-12 04:23:35', '2017-01-12 04:23:35'),
(167, 'Moon Flower', '0531', NULL, '#fdeef5', NULL, NULL, 9, 2, '2017-01-12 04:24:32', '2017-01-12 04:24:32'),
(168, 'Salmon', '0521', NULL, '#cf967b', NULL, NULL, 9, 2, '2017-01-12 04:30:41', '2017-01-12 04:30:41'),
(169, 'Orange', '0503', NULL, '#f68b5f', NULL, NULL, 9, 2, '2017-01-12 04:32:29', '2017-01-12 04:32:29'),
(170, 'Peach Cream', '0530', NULL, '#feefd9', NULL, NULL, 9, 2, '2017-01-12 04:33:43', '2017-01-12 04:33:43'),
(171, 'Peach', '0538', NULL, '#f2e7d1', NULL, NULL, 9, 2, '2017-01-12 04:35:06', '2017-01-12 04:35:06'),
(172, 'Antique White', '0505', NULL, '#cfd7af', NULL, NULL, 9, 2, '2017-01-12 04:36:07', '2017-01-12 04:36:07'),
(173, 'Yellow Cream', '0525', NULL, '#eee07c', NULL, NULL, 9, 2, '2017-01-12 04:37:23', '2017-01-12 04:37:23'),
(174, 'Fresh Orange', '0539', NULL, '#d75035', NULL, NULL, 9, 2, '2017-01-12 04:38:46', '2017-01-12 04:38:46'),
(175, 'Saffron Delight', '0534', NULL, '#f2c66f', NULL, NULL, 9, 2, '2017-01-12 04:40:18', '2017-01-12 04:40:18'),
(176, 'Cream', '0516', NULL, '#e3deae', NULL, NULL, 9, 2, '2017-01-12 04:41:38', '2017-01-12 04:41:38'),
(177, 'Red Rose', '0555', NULL, '#c8262c', NULL, NULL, 9, 2, '2017-01-12 04:50:22', '2017-01-12 04:50:22'),
(178, 'Cocoa Bean', '0528', NULL, '#6e584b', NULL, NULL, 9, 2, '2017-01-12 04:52:31', '2017-01-12 04:52:31'),
(179, 'Hazel Nut', '0542', NULL, '#56543f', NULL, NULL, 9, 2, '2017-01-12 04:53:37', '2017-01-12 04:53:37'),
(180, 'Fawn', '0527', NULL, '#e2dfcc', NULL, NULL, 9, 2, '2017-01-12 04:54:37', '2017-01-12 04:54:37'),
(181, 'Monsoon', '0556', NULL, '#b0d4e6', NULL, NULL, 9, 2, '2017-01-12 04:55:32', '2017-01-12 04:55:32'),
(182, 'Zephyr', '0544', NULL, '#c2bf91', NULL, NULL, 9, 2, '2017-01-12 04:57:20', '2017-01-12 04:57:20'),
(183, 'Lace', '0545', NULL, '#c9d0ea', NULL, NULL, 9, 2, '2017-01-12 04:58:20', '2017-01-12 04:58:20'),
(184, 'Honey Dew', '0504', NULL, '#c1b07d', NULL, NULL, 9, 2, '2017-01-12 04:59:25', '2017-01-12 04:59:25'),
(185, 'Off White', '1007', NULL, '#eeedd1', NULL, NULL, 9, 1, '2017-01-12 05:02:07', '2017-01-12 05:02:07'),
(186, 'Spoonbread', '1005', NULL, '#e8dcac', NULL, NULL, 9, 1, '2017-01-12 05:03:43', '2017-01-12 05:03:43'),
(187, 'Rose White', '1004', NULL, '#f0ebce', NULL, NULL, 9, 1, '2017-01-12 05:04:54', '2017-01-12 05:04:54'),
(188, 'Kitten White', '1035', NULL, '#ebebe1', NULL, NULL, 9, 1, '2017-01-12 05:05:51', '2017-01-12 05:05:51'),
(189, 'Vintage', '1006', NULL, '#cdc7ad', NULL, NULL, 9, 1, '2017-01-12 05:06:50', '2017-01-12 05:06:50'),
(190, 'Yarn Beige', '1061', NULL, '#c2b5a4', NULL, NULL, 9, 1, '2017-01-12 05:08:12', '2017-01-12 05:08:12'),
(191, 'Yellow Glove', '1019', NULL, '#f9f6bf', NULL, NULL, 9, 1, '2017-01-12 05:09:21', '2017-01-12 05:09:21'),
(192, 'Rose Lemon', '1030', NULL, '#ddc85f', NULL, NULL, 9, 1, '2017-01-12 05:10:33', '2017-01-12 05:10:33'),
(193, 'Soft Peach', '1022', NULL, '#c0ad85', NULL, NULL, 9, 1, '2017-01-12 05:11:40', '2017-01-12 05:11:40'),
(194, 'Apricot', '1008', NULL, '#e4b07e', NULL, NULL, 9, 1, '2017-01-12 05:12:37', '2017-01-12 05:12:37'),
(195, 'Pumpkin', '1029', NULL, '#ad422e', NULL, NULL, 9, 1, '2017-01-12 05:13:52', '2017-01-12 05:13:52'),
(196, 'Peach Whisper', '1033', NULL, '#dfd7ca', NULL, NULL, 9, 1, '2017-01-12 05:15:04', '2017-01-12 05:15:04'),
(197, 'Puff', '1069', NULL, '#fad3b6', NULL, NULL, 9, 1, '2017-01-12 05:16:14', '2017-01-12 05:16:14'),
(198, 'Buff', '1049', NULL, '#a98472', NULL, NULL, 9, 1, '2017-01-12 05:17:34', '2017-01-12 05:17:34'),
(199, 'Utopia', '1026', NULL, '#a69069', NULL, NULL, 9, 1, '2017-01-12 05:18:54', '2017-01-12 05:18:54'),
(200, 'Mustard', '1050', NULL, '#a47c3f', NULL, NULL, 9, 1, '2017-01-12 05:19:55', '2017-01-12 05:19:55'),
(201, 'Moon Shadow', '1025', NULL, '#e2eeec', NULL, NULL, 9, 1, '2017-01-12 05:21:07', '2017-01-12 05:21:07'),
(202, 'Cockleshell', '1010', NULL, '#cccfb4', NULL, NULL, 9, 1, '2017-01-12 05:22:13', '2017-01-12 05:22:13'),
(203, 'Peach Goddess', '1048', NULL, '#a59e81', NULL, NULL, 9, 1, '2017-01-12 05:23:18', '2017-01-12 05:23:18'),
(204, 'White Ice', '1044', NULL, '#dde0cd', NULL, NULL, 9, 1, '2017-01-12 05:24:39', '2017-01-12 05:24:39'),
(205, 'Reflection', '1031', NULL, '#e5e1c4', NULL, NULL, 9, 1, '2017-01-12 05:25:47', '2017-01-12 05:25:47'),
(206, 'Shingle', '1075', NULL, '#dcc8bf', NULL, NULL, 9, 1, '2017-01-12 05:26:57', '2017-01-12 05:26:57'),
(207, 'Light Pink', '1057', NULL, '#d3c9d1', NULL, NULL, 9, 1, '2017-01-12 05:28:00', '2017-01-12 05:28:00'),
(208, 'Angel', '1058', NULL, '#e0becf', NULL, NULL, 9, 1, '2017-01-12 05:29:16', '2017-01-12 05:29:16'),
(209, 'Zinnia Scarlet', '1076', NULL, '#ad435a', NULL, NULL, 9, 1, '2017-01-12 05:30:33', '2017-01-12 05:30:33'),
(210, 'Off White', '0107', NULL, '#fff7ea', NULL, NULL, 9, 4, '2017-01-12 05:34:23', '2017-01-12 05:34:23'),
(211, 'Creamy', '0157', NULL, '#fbf9ec', NULL, NULL, 9, 4, '2017-01-12 05:35:36', '2017-01-12 05:35:36'),
(212, 'Lvory', '0162', NULL, '#efecc1', NULL, NULL, 9, 4, '2017-01-12 05:36:41', '2017-01-12 05:36:41'),
(213, 'Pearl', '0126', NULL, '#eceee1', NULL, NULL, 9, 4, '2017-01-12 05:37:47', '2017-01-12 05:37:47'),
(214, 'Almond', '0104', NULL, '#d7dbc0', NULL, NULL, 9, 4, '2017-01-12 05:38:56', '2017-01-12 05:38:56'),
(215, 'Mushroom', '0163', NULL, '#eeecdf', NULL, NULL, 9, 4, '2017-01-12 05:40:12', '2017-01-12 05:40:12'),
(216, 'Sea Shell', '0116', NULL, '#e3e0cf', NULL, NULL, 9, 4, '2017-01-12 05:41:25', '2017-01-12 05:41:25'),
(217, 'Biscuit', '0127', NULL, '#e0dead', NULL, NULL, 9, 4, '2017-01-12 05:42:35', '2017-01-12 05:42:35'),
(218, 'Caramel', '0158', NULL, '#d2c9b8', NULL, NULL, 9, 4, '2017-01-12 05:43:57', '2017-01-12 05:43:57'),
(219, 'Beige', '0109', NULL, '#caba99', NULL, NULL, 9, 4, '2017-01-12 05:44:58', '2017-01-12 05:44:58'),
(220, 'Autumn Stone', '0128', NULL, '#ede5be', NULL, NULL, 9, 4, '2017-01-12 05:46:35', '2017-01-12 05:46:35'),
(221, 'Sugar Cane', '0108', NULL, '#dcd6be', NULL, NULL, 9, 4, '2017-01-12 05:48:00', '2017-01-12 05:48:00'),
(222, 'Hopsack', '0122', NULL, '#cbc6a9', NULL, NULL, 9, 4, '2017-01-12 05:49:25', '2017-01-12 05:49:25'),
(223, 'Canvas', '0164', NULL, '#b4b097', NULL, NULL, 9, 4, '2017-01-12 05:50:52', '2017-01-12 05:50:52'),
(224, 'Bright Fawn', '0123', NULL, '#eee5d4', NULL, NULL, 9, 4, '2017-01-12 05:52:13', '2017-01-12 05:52:13'),
(225, 'Sandstone', '0106', NULL, '#d1c4b3', NULL, NULL, 9, 4, '2017-01-12 05:53:55', '2017-01-12 05:53:55'),
(226, 'Leather Beige', '0159', NULL, '#9b8c75', NULL, NULL, 9, 4, '2017-01-12 05:55:20', '2017-01-12 05:55:20'),
(227, 'Cave Stone', '0165', NULL, '#697069', NULL, NULL, 9, 4, '2017-01-12 05:58:37', '2017-01-12 05:58:37'),
(228, 'Ash White', '0115', NULL, '#ecefe4', NULL, NULL, 9, 4, '2017-01-12 05:59:34', '2017-01-12 05:59:34'),
(229, 'Cloud Grey', '0129', NULL, '#ced6d8', NULL, NULL, 9, 4, '2017-01-12 06:01:06', '2017-01-12 06:01:06'),
(230, 'Pottery Clay', '0160', NULL, '#d4d6c8', NULL, NULL, 9, 4, '2017-01-12 06:02:32', '2017-01-12 06:02:32'),
(231, 'Mountain Mist', '0166', NULL, '#858f84', NULL, NULL, 9, 4, '2017-01-12 06:03:46', '2017-01-12 06:03:46'),
(232, 'Peach', '0125', NULL, '#efe0b9', NULL, NULL, 9, 4, '2017-01-12 06:05:34', '2017-01-12 06:05:34'),
(233, 'Lilac', '0120', NULL, '#d6d4df', NULL, NULL, 9, 4, '2017-01-12 06:06:52', '2017-01-12 06:06:52'),
(234, 'Tea Rose', '0112', NULL, '#bdada0', NULL, NULL, 9, 4, '2017-01-12 06:07:56', '2017-01-12 06:07:56'),
(235, 'Chandni', '242', NULL, '#fffde6', NULL, NULL, 8, 15, '2017-01-12 06:38:45', '2017-01-12 06:38:45'),
(236, 'White Ice', '207', NULL, '#f7f4ef', NULL, NULL, 8, 15, '2017-01-12 06:39:59', '2017-01-12 06:39:59'),
(237, 'Off White', '224', NULL, '#fef7da', NULL, NULL, 8, 15, '2017-01-12 06:40:59', '2017-01-12 06:40:59'),
(238, 'Bone White', '217', NULL, '#fbe8a6', NULL, NULL, 8, 15, '2017-01-12 06:41:50', '2017-01-12 06:41:50'),
(239, 'Kitten White', '206', NULL, '#fdf0dd', NULL, NULL, 8, 15, '2017-01-12 06:42:53', '2017-01-12 06:42:53'),
(240, 'Rose White', '220', NULL, '#ecd4ba', NULL, NULL, 8, 15, '2017-01-12 06:43:48', '2017-01-12 06:43:48'),
(241, 'Peach Silk', '209', NULL, '#ecd0b8', NULL, NULL, 8, 15, '2017-01-12 06:44:39', '2017-01-12 06:44:39'),
(242, 'Shingle', '216', NULL, '#ecc79d', NULL, NULL, 8, 15, '2017-01-12 06:45:25', '2017-01-12 06:45:25'),
(243, 'Angel', '241', NULL, '#f2cfd3', NULL, NULL, 8, 15, '2017-01-12 06:46:27', '2017-01-12 06:46:27'),
(244, 'Hot Pink', '247', NULL, '#c4638e', NULL, NULL, 8, 15, '2017-01-12 06:47:27', '2017-01-12 06:47:27'),
(245, 'Candy Pink', '238', NULL, '#99617c', NULL, NULL, 8, 15, '2017-01-12 06:48:23', '2017-01-12 06:48:23'),
(246, 'Magenta', '231', NULL, '#6a1a27', NULL, NULL, 8, 15, '2017-01-12 06:49:19', '2017-01-12 06:49:19'),
(247, 'Cockleshell', '248', NULL, '#feefd8', NULL, NULL, 8, 15, '2017-01-12 06:50:32', '2017-01-12 06:50:32'),
(248, 'Beige', '244', NULL, '#d4a97c', NULL, NULL, 8, 15, '2017-01-12 06:51:19', '2017-01-12 06:51:19'),
(249, 'Lvory', '236', NULL, '#d6b882', NULL, NULL, 8, 15, '2017-01-12 06:52:08', '2017-01-12 06:52:08'),
(250, 'Pale Brown', '232', NULL, '#a77751', NULL, NULL, 8, 15, '2017-01-12 06:53:03', '2017-01-12 06:53:03'),
(251, 'Antique White', '205', NULL, '#f1efe0', NULL, NULL, 8, 15, '2017-01-12 06:53:56', '2017-01-12 06:53:56'),
(252, 'Orion', '201', NULL, '#e4d7b7', NULL, NULL, 8, 15, '2017-01-12 06:54:49', '2017-01-12 06:54:49'),
(253, 'Halo', '213', NULL, '#e0e3c6', NULL, NULL, 8, 15, '2017-01-12 06:55:44', '2017-01-12 06:55:44'),
(254, 'Lavender White', '204', NULL, '#c3c5ad', NULL, NULL, 8, 15, '2017-01-12 06:56:33', '2017-01-12 06:56:33'),
(255, 'Master Silk', '6014', NULL, '#e0e2bb', NULL, NULL, 8, 14, '2017-01-12 06:58:48', '2017-01-12 06:58:48'),
(256, 'Peach', '6033', NULL, '#f8c09d', NULL, NULL, 8, 14, '2017-01-12 06:59:52', '2017-01-12 06:59:52'),
(257, 'Lime Light', '6037', NULL, '#d6e1b6', NULL, NULL, 8, 14, '2017-01-12 07:01:09', '2017-01-12 07:01:09'),
(258, 'Jade', '6030', NULL, '#519392', NULL, NULL, 8, 14, '2017-01-12 07:02:19', '2017-01-12 07:02:19'),
(259, 'Livia', '6025', NULL, '#eedc9e', NULL, NULL, 8, 14, '2017-01-12 07:03:38', '2017-01-12 07:03:38'),
(260, 'Rose Bell', '6029', NULL, '#a69083', NULL, NULL, 8, 14, '2017-01-12 07:04:34', '2017-01-12 07:04:34'),
(261, 'Tile Red', '6015', NULL, '#9e3343', NULL, NULL, 8, 14, '2017-01-12 07:05:33', '2017-01-12 07:05:33'),
(262, 'Angoori', '6021', NULL, '#6d7b40', NULL, NULL, 8, 14, '2017-01-12 07:06:30', '2017-01-12 07:06:30'),
(263, 'Garnette', '6002', NULL, '#d8b980', NULL, NULL, 8, 14, '2017-01-12 07:08:06', '2017-01-12 07:08:06'),
(264, 'Fire Cracker', '6004', NULL, '#914853', NULL, NULL, 8, 14, '2017-01-12 07:09:15', '2017-01-12 07:09:15'),
(265, 'Neelam', '6007', NULL, '#004042', NULL, NULL, 8, 14, '2017-01-12 07:10:24', '2017-01-12 07:10:24'),
(266, 'Hunter Green', '6034', NULL, '#5e6e53', NULL, NULL, 8, 14, '2017-01-12 07:11:32', '2017-01-12 07:11:32'),
(267, 'Dame Windy', '6001', NULL, '#91614d', NULL, NULL, 8, 14, '2017-01-12 07:12:37', '2017-01-12 07:12:37'),
(268, 'Red Oxide', '6013', NULL, '#6a1a27', NULL, NULL, 8, 14, '2017-01-12 07:13:48', '2017-01-12 07:13:48'),
(269, 'Golden Sunset', '6035', NULL, '#f1c53e', NULL, NULL, 8, 14, '2017-01-12 07:15:31', '2017-01-12 07:15:31'),
(270, 'Fresh Orange', '6036', NULL, '#db7d47', NULL, NULL, 8, 14, '2017-01-12 07:16:41', '2017-01-12 07:16:41'),
(271, 'Terracotta', '6044', NULL, '#a6644a', NULL, NULL, 8, 14, '2017-01-12 07:17:49', '2017-01-12 07:17:49'),
(272, 'Off White', '1', NULL, '#f4efc9', NULL, NULL, 8, 13, '2017-01-12 07:41:03', '2017-01-12 07:41:03'),
(273, 'Bone White', '34', NULL, '#f4eed4', NULL, NULL, 8, 13, '2017-01-12 07:41:46', '2017-01-12 07:41:46'),
(274, 'Master Cream', '33', NULL, '#f5eab2', NULL, NULL, 8, 13, '2017-01-12 07:42:44', '2017-01-12 07:42:44'),
(275, 'Cream', '2', NULL, '#f4e0a3', NULL, NULL, 8, 13, '2017-01-12 07:43:34', '2017-01-12 07:43:34'),
(276, 'Pale Cream', '39', NULL, '#cda574', NULL, NULL, 8, 13, '2017-01-12 07:44:30', '2017-01-12 07:44:30'),
(277, 'Beige', '3', NULL, '#d8b980', NULL, NULL, 8, 13, '2017-01-12 07:45:19', '2017-01-12 07:45:19'),
(278, 'County Cream', '52', NULL, '#eedc9e', NULL, NULL, 8, 13, '2017-01-12 07:46:02', '2017-01-12 07:46:02'),
(279, 'Diyar', '51', NULL, '#e0ae79', NULL, NULL, 8, 13, '2017-01-12 07:47:13', '2017-01-12 07:47:13'),
(280, 'Master Coriander', '42', NULL, '#aa968f', NULL, NULL, 8, 13, '2017-01-12 07:48:26', '2017-01-12 07:48:26'),
(281, 'Master Antilope', '41', NULL, '#78736d', NULL, NULL, 8, 13, '2017-01-12 07:49:28', '2017-01-12 07:49:28'),
(282, 'Clay', '46', NULL, '#8a8369', NULL, NULL, 8, 13, '2017-01-12 07:50:26', '2017-01-12 07:50:26'),
(283, 'Master Champagne', '45', NULL, '#3b3b33', NULL, NULL, 8, 13, '2017-01-12 07:51:28', '2017-01-12 07:51:28'),
(284, 'Golden Brown', '11', NULL, '#660e1a', NULL, NULL, 8, 13, '2017-01-12 07:52:21', '2017-01-12 07:52:21'),
(285, 'Red Oxide', '12', NULL, '#4c121e', NULL, NULL, 8, 13, '2017-01-12 07:53:23', '2017-01-12 07:53:23'),
(286, 'Dark Brown', '32', NULL, '#100404', NULL, NULL, 8, 13, '2017-01-12 07:54:15', '2017-01-12 07:54:15'),
(287, 'Pink', '31', NULL, '#f6c1b1', NULL, NULL, 8, 13, '2017-01-12 07:55:05', '2017-01-12 07:55:05'),
(288, 'Candy Pink', '49', NULL, '#9b4f6b', NULL, NULL, 8, 13, '2017-01-12 07:56:01', '2017-01-12 07:56:01'),
(289, 'Hot Pink', '47', NULL, '#84226f', NULL, NULL, 8, 13, '2017-01-12 07:56:49', '2017-01-12 07:56:49'),
(290, 'Peach', '48', NULL, '#f8c09d', NULL, NULL, 8, 13, '2017-01-12 07:57:42', '2017-01-12 07:57:42'),
(291, 'Orange', '7', NULL, '#994135', NULL, NULL, 8, 13, '2017-01-12 07:58:30', '2017-01-12 07:58:30'),
(292, 'Signal Red', '8', NULL, '#851627', NULL, NULL, 8, 13, '2017-01-12 07:59:20', '2017-01-12 07:59:20'),
(293, 'P.O. Red', '9', NULL, '#680021', NULL, NULL, 8, 13, '2017-01-12 08:00:13', '2017-01-12 08:00:13'),
(294, 'Crimson', '10', NULL, '#270017', NULL, NULL, 8, 13, '2017-01-12 08:01:04', '2017-01-12 08:01:04'),
(295, 'Master Brown', '55', NULL, '#702d25', NULL, NULL, 8, 13, '2017-01-12 08:01:59', '2017-01-12 08:01:59'),
(296, 'Master Beige', '54', NULL, '#e7c892', NULL, NULL, 8, 13, '2017-01-12 08:03:01', '2017-01-12 08:03:01'),
(297, 'Light Blue', '17', NULL, '#0497c2', NULL, NULL, 8, 13, '2017-01-12 08:03:48', '2017-01-12 08:03:48'),
(298, 'Vivid Blue', '18', NULL, '#01559b', NULL, NULL, 8, 13, '2017-01-12 08:04:45', '2017-01-12 08:04:45'),
(299, 'Middle Blue', '19', NULL, '#01366c', NULL, NULL, 8, 13, '2017-01-12 08:05:47', '2017-01-12 08:05:47'),
(300, 'Navy Blue', '53', NULL, '#03002f', NULL, NULL, 8, 13, '2017-01-12 08:06:40', '2017-01-12 08:06:40'),
(301, 'Royal Blue', '20', NULL, '#001737', NULL, NULL, 8, 13, '2017-01-12 08:07:33', '2017-01-12 08:07:33'),
(302, 'Motia', '65', NULL, '#ffde8', NULL, NULL, 8, 17, '2017-01-12 08:13:02', '2017-01-12 08:13:02'),
(303, 'Off White', '01', NULL, '#fffae7', NULL, NULL, 8, 17, '2017-01-12 08:13:43', '2017-01-12 08:13:43'),
(304, 'Lily White', '48', NULL, '#fffce3', NULL, NULL, 8, 17, '2017-01-12 08:14:30', '2017-01-12 08:14:30'),
(305, 'Lvory', '02', NULL, '#fff8ce', NULL, NULL, 8, 17, '2017-01-12 08:15:10', '2017-01-12 08:15:10'),
(306, 'Cream', '03', NULL, '#fefacb', NULL, NULL, 8, 17, '2017-01-12 08:15:56', '2017-01-12 08:15:56'),
(307, 'Ash White', '39', NULL, '#f4f1e0', NULL, NULL, 8, 17, '2017-01-12 08:16:44', '2017-01-12 08:16:44'),
(308, 'Dove White', '46', NULL, '#d5d2c9', NULL, NULL, 8, 17, '2017-01-12 08:17:44', '2017-01-12 08:17:44'),
(309, 'Dove Grey', '40', NULL, '#ced1c6', NULL, NULL, 8, 17, '2017-01-12 08:18:38', '2017-01-12 08:18:38'),
(310, 'Silver Grey', '23', NULL, '#b3c1c2', NULL, NULL, 8, 17, '2017-01-12 08:19:34', '2017-01-12 08:19:34'),
(311, 'Shell Grey', '24', NULL, '#9b9e97', NULL, NULL, 8, 17, '2017-01-12 08:20:30', '2017-01-12 08:20:30'),
(312, 'Magnolia', '66', NULL, '#feefc8', NULL, NULL, 8, 17, '2017-01-12 08:21:22', '2017-01-12 08:21:22'),
(313, 'Cockleshell', '62', NULL, '#f4efc9', NULL, NULL, 8, 17, '2017-01-12 08:22:15', '2017-01-12 08:22:15'),
(314, 'Mushroom', '15', NULL, '#dbbd87', NULL, NULL, 8, 17, '2017-01-12 08:23:10', '2017-01-12 08:23:10'),
(315, 'Cameo', '69', NULL, '#d1b180', NULL, NULL, 8, 17, '2017-01-12 08:24:16', '2017-01-12 08:24:16'),
(316, 'Honey Dew', '70', NULL, '#d5ad70', NULL, NULL, 8, 17, '2017-01-12 08:25:10', '2017-01-12 08:25:10'),
(317, 'Badami', '41', NULL, '#fee1c3', NULL, NULL, 8, 17, '2017-01-12 08:25:54', '2017-01-12 08:25:54'),
(318, 'Rose Petal', '38', NULL, '#e3ccac', NULL, NULL, 8, 17, '2017-01-12 08:27:36', '2017-01-12 08:27:36'),
(319, 'Tea Rose', '58', NULL, '#b6a68d', NULL, NULL, 8, 17, '2017-01-12 08:28:38', '2017-01-12 08:28:38'),
(320, 'Dark Brown', '57', NULL, '#5d443f', NULL, NULL, 8, 17, '2017-01-12 08:29:27', '2017-01-12 08:29:27'),
(321, 'Copper', '61', NULL, '#5e462e', NULL, NULL, 8, 17, '2017-01-12 08:30:23', '2017-01-12 08:30:23'),
(322, 'Rose White', '49', NULL, '#fcdbb2', NULL, NULL, 8, 17, '2017-01-12 08:31:24', '2017-01-12 08:31:24'),
(323, 'Apricot', '44', NULL, '#e3c7a2', NULL, NULL, 8, 17, '2017-01-12 08:32:21', '2017-01-12 08:32:21'),
(324, 'Master Pink', '34', NULL, '#f5b19e', NULL, NULL, 8, 17, '2017-01-12 08:33:13', '2017-01-12 08:33:13'),
(325, 'Pink', '06', NULL, '#f4b3b1', NULL, NULL, 8, 17, '2017-01-12 08:33:52', '2017-01-12 08:33:52'),
(326, 'Hot Pink', '56', NULL, '#e25a9c', NULL, NULL, 8, 17, '2017-01-12 08:34:40', '2017-01-12 08:34:40'),
(327, 'Master Peach', '5006', NULL, '#ffead5', NULL, NULL, 8, 50, '2017-01-13 04:06:20', '2017-01-13 04:06:20'),
(328, 'Peach Goddess', '5068', NULL, '#e8b797', NULL, NULL, 8, 50, '2017-01-13 04:07:24', '2017-01-13 04:07:24'),
(329, 'Breeze', '5007', NULL, '#e9cfae', NULL, NULL, 8, 50, '2017-01-13 04:08:29', '2017-01-13 04:08:29'),
(330, 'Brazil Nut', '5062', NULL, '#dbcfa7', NULL, NULL, 8, 50, '2017-01-13 04:09:28', '2017-01-13 04:09:28'),
(331, 'Honey Dew', '5009', NULL, '#d8bf96', NULL, NULL, 8, 50, '2017-01-13 04:11:44', '2017-01-13 04:11:44'),
(332, 'Bogan Villa', '5011', NULL, '#ffeeda', NULL, NULL, 8, 50, '2017-01-13 04:12:54', '2017-01-13 04:12:54'),
(333, 'Classical', '5067', NULL, '#f0dae6', NULL, NULL, 8, 50, '2017-01-13 04:13:46', '2017-01-13 04:13:46'),
(334, 'Misty Rose', '5057', NULL, '#e5c8c4', NULL, NULL, 8, 50, '2017-01-13 04:14:37', '2017-01-13 04:14:37'),
(335, 'Candyland', '5012', NULL, '#d7a790', NULL, NULL, 8, 50, '2017-01-13 04:16:28', '2017-01-13 04:16:28'),
(336, 'Hot Pink', '5056', NULL, '#d5589c', NULL, NULL, 8, 50, '2017-01-13 04:17:20', '2017-01-13 04:17:20'),
(337, 'Flimsy Brown', '5035', NULL, '#fef6df', NULL, NULL, 8, 50, '2017-01-13 04:18:26', '2017-01-13 04:18:26'),
(338, 'Off White', '5001', NULL, '#fffee2', NULL, NULL, 8, 50, '2017-01-13 04:19:13', '2017-01-13 04:19:13'),
(339, 'Cream', '5004', NULL, '#ffe7bb', NULL, NULL, 8, 50, '2017-01-13 04:20:07', '2017-01-13 04:20:07'),
(340, 'Basanti', '5055', NULL, '#ffe26d', NULL, NULL, 8, 50, '2017-01-13 04:21:13', '2017-01-13 04:21:13'),
(341, 'Tile Red', '5041', NULL, '#961035', NULL, NULL, 8, 50, '2017-01-13 04:22:00', '2017-01-13 04:22:00'),
(342, 'Coral', '5052', NULL, '#fab79d', NULL, NULL, 8, 50, '2017-01-13 04:22:51', '2017-01-13 04:22:51'),
(343, 'Tangerine', '5054', NULL, '#ecb29e', NULL, NULL, 8, 50, '2017-01-13 04:23:50', '2017-01-13 04:23:50'),
(344, 'Paprica', '5053', NULL, '#fab490', NULL, NULL, 8, 50, '2017-01-13 04:25:03', '2017-01-13 04:25:03'),
(345, 'Red Fog', '5066', NULL, '#765752', NULL, NULL, 8, 50, '2017-01-13 04:26:00', '2017-01-13 04:26:00'),
(346, 'Balerena', '5040', NULL, '#82534b', NULL, NULL, 8, 50, '2017-01-13 04:26:59', '2017-01-13 04:26:59'),
(347, 'Swiss White', '5070', NULL, '#fbe7ce', NULL, NULL, 8, 50, '2017-01-13 04:27:53', '2017-01-13 04:27:53'),
(348, 'Manila Tan', '5063', NULL, '#f8f1d5', NULL, NULL, 8, 50, '2017-01-13 04:28:50', '2017-01-13 04:28:50'),
(349, 'Lvory Silk', '5071', NULL, '#ecdcb8', NULL, NULL, 8, 50, '2017-01-13 04:29:44', '2017-01-13 04:29:44'),
(350, 'Imperial Beige', '5036', NULL, '#c9b89c', NULL, NULL, 8, 50, '2017-01-13 04:30:57', '2017-01-13 04:30:57'),
(351, 'Zest', '5038', NULL, '#503929', NULL, NULL, 8, 50, '2017-01-13 04:31:50', '2017-01-13 04:31:50'),
(352, 'White', '1951', NULL, '#f8f8fa', NULL, NULL, 10, 18, '2017-01-14 04:37:31', '2017-01-14 04:37:31'),
(353, 'Pearl', '3142', NULL, '#f0f2e7', NULL, NULL, 10, 18, '2017-01-14 04:38:30', '2017-01-14 04:38:30'),
(354, 'Almond', '3141', NULL, '#f5f2e1', NULL, NULL, 10, 18, '2017-01-14 04:39:30', '2017-01-14 04:39:30'),
(355, 'Off White', '1952', NULL, '#fcf7bd', NULL, NULL, 10, 18, '2017-01-14 04:40:17', '2017-01-14 04:40:17'),
(356, 'Cameo', '2685', NULL, '#e6d097', NULL, NULL, 10, 18, '2017-01-14 04:41:08', '2017-01-14 04:41:08'),
(357, 'Magnolia', '1947', NULL, '#e8e8cc', NULL, NULL, 10, 18, '2017-01-14 04:42:00', '2017-01-14 04:42:00'),
(358, 'Autumn Stone', '2885', NULL, '#e8e8d0', NULL, NULL, 10, 18, '2017-01-14 04:43:09', '2017-01-14 04:43:09'),
(359, 'Sugar Cane', '1948', NULL, '#f3f1ca', NULL, NULL, 10, 18, '2017-01-14 04:44:06', '2017-01-14 04:44:06'),
(360, 'Beige', '2087', NULL, '#d6c692', NULL, NULL, 10, 18, '2017-01-14 04:44:56', '2017-01-14 04:44:56'),
(361, 'Terracota', '3048', NULL, '#8a6048', NULL, NULL, 10, 18, '2017-01-14 04:46:03', '2017-01-14 04:46:03'),
(362, 'Silk Stone', '3161', NULL, '#e2e6d5', NULL, NULL, 10, 18, '2017-01-14 04:47:20', '2017-01-14 04:47:20'),
(363, 'Tea Rose', '1958', NULL, '#c1baaa', NULL, NULL, 10, 18, '2017-01-14 04:48:11', '2017-01-14 04:48:11'),
(364, 'Roof Tile', '2111', NULL, '#773d39', NULL, NULL, 10, 18, '2017-01-14 04:49:26', '2017-01-14 04:49:26'),
(365, 'Tile Red', '2876', NULL, '#721726', NULL, NULL, 10, 18, '2017-01-14 04:50:21', '2017-01-14 04:50:21'),
(366, 'Red Oxide', '2910', NULL, '#3d140e', NULL, NULL, 10, 18, '2017-01-14 04:51:21', '2017-01-14 04:51:21'),
(367, 'Sand stone', '1949', NULL, '#d0ccb1', NULL, NULL, 10, 18, '2017-01-14 04:52:44', '2017-01-14 04:52:44'),
(368, 'Sahara Sand', '3144', NULL, '#cfcdc1', NULL, NULL, 10, 18, '2017-01-14 04:53:44', '2017-01-14 04:53:44'),
(369, 'Antelope', '2683', NULL, '#b7b4a1', NULL, NULL, 10, 18, '2017-01-14 04:54:46', '2017-01-14 04:54:46'),
(370, 'Moorland', '1960', NULL, '#8b8f78', NULL, NULL, 10, 18, '2017-01-14 04:55:43', '2017-01-14 04:55:43'),
(371, 'Beaver', '2684', NULL, '#4f4d41', NULL, NULL, 10, 18, '2017-01-14 04:56:39', '2017-01-14 04:56:39'),
(372, 'Ash White', '1919', NULL, '#f1f7e9', NULL, NULL, 10, 18, '2017-01-14 04:57:31', '2017-01-14 04:57:31'),
(373, 'Portland', '2688', NULL, '#e4e8d9', NULL, NULL, 10, 18, '2017-01-14 04:58:37', '2017-01-14 04:58:37'),
(374, 'Hopsack', '2687', NULL, '#d9d8aa', NULL, NULL, 10, 18, '2017-01-14 04:59:36', '2017-01-14 04:59:36'),
(375, 'Avocado', '2088', NULL, '#354224', NULL, NULL, 10, 18, '2017-01-14 05:00:39', '2017-01-14 05:00:39'),
(376, 'Admiral', '2886', NULL, '#012942', NULL, NULL, 10, 18, '2017-01-14 05:01:46', '2017-01-14 05:01:46'),
(377, 'Sky Grey', '3160', NULL, '#e1e7d9', NULL, NULL, 10, 18, '2017-01-14 05:02:40', '2017-01-14 05:02:40'),
(378, 'Clay', '3145', NULL, '#b3b5a0', NULL, NULL, 10, 18, '2017-01-14 05:03:57', '2017-01-14 05:03:57'),
(379, 'Silver Mist', '1950', NULL, '#e2e5c8', NULL, NULL, 10, 18, '2017-01-14 05:05:02', '2017-01-14 05:05:02'),
(380, 'Goose Wing', '1959', NULL, '#858c85', NULL, NULL, 10, 18, '2017-01-14 05:05:57', '2017-01-14 05:05:57'),
(381, 'Charcoal', '3147', NULL, '#364042', NULL, NULL, 10, 18, '2017-01-14 05:06:53', '2017-01-14 05:06:53'),
(382, 'Off White', '6212', NULL, '#fffef2', NULL, NULL, 7, 24, '2017-01-16 02:11:19', '2017-01-16 02:11:19'),
(383, 'Cream', '6201', NULL, '#ffeec3', NULL, NULL, 7, 24, '2017-01-16 02:12:33', '2017-01-16 02:12:33'),
(384, 'Whisper White', '6804', NULL, '#dbddcf', NULL, NULL, 7, 24, '2017-01-16 02:13:32', '2017-01-16 02:13:32'),
(385, 'Royal Beige', '6626', NULL, '#b0a086', NULL, NULL, 7, 24, '2017-01-16 02:14:50', '2017-01-16 02:14:50'),
(386, 'Henna', '6600', NULL, '#b16855', NULL, NULL, 7, 24, '2017-01-16 02:16:07', '2017-01-16 02:16:07'),
(387, 'Ash White', '6100', NULL, '#e6e9e2', NULL, NULL, 7, 24, '2017-01-16 02:17:22', '2017-01-16 02:17:22'),
(388, 'Lvory Silk', '6502', NULL, '#eeecdd', NULL, NULL, 7, 24, '2017-01-16 02:18:45', '2017-01-16 02:18:45'),
(389, 'Manila Tan', '6506', NULL, '#dad4c4', NULL, NULL, 7, 24, '2017-01-16 02:20:08', '2017-01-16 02:20:08'),
(390, 'Cockleshell', '6907', NULL, '#e5e2d1', NULL, NULL, 7, 24, '2017-01-16 02:22:12', '2017-01-16 02:22:12'),
(391, 'Red Fog', '6505', NULL, '#9d6c5e', NULL, NULL, 7, 24, '2017-01-16 02:23:22', '2017-01-16 02:23:22'),
(392, 'Rose White', '6400', NULL, '#fdd8c5', NULL, NULL, 7, 24, '2017-01-16 02:25:01', '2017-01-16 02:25:01'),
(393, 'Peach Goddess', '6260', NULL, '#debeaf', NULL, NULL, 7, 24, '2017-01-16 02:26:43', '2017-01-16 02:26:43'),
(394, 'Sunburst', '6805', NULL, '#fed7b8', NULL, NULL, 7, 24, '2017-01-16 02:27:53', '2017-01-16 02:27:53'),
(395, 'Salmon', '6251', NULL, '#f9b0a1', NULL, NULL, 7, 24, '2017-01-16 02:29:00', '2017-01-16 02:29:00'),
(396, 'Arizona Sunset', '6253', NULL, '#f68b6b', NULL, NULL, 7, 24, '2017-01-16 02:30:08', '2017-01-16 02:30:08'),
(397, 'Kitten White', '6801', NULL, '#ffefe7', NULL, NULL, 7, 24, '2017-01-16 02:31:07', '2017-01-16 02:31:07'),
(398, 'Pink Violet', '6173', NULL, '#f5f4ef', NULL, NULL, 7, 24, '2017-01-16 02:32:25', '2017-01-16 02:32:25'),
(399, 'Walkabout', '6806', NULL, '#ccafa7', NULL, NULL, 7, 24, '2017-01-16 02:33:41', '2017-01-16 02:33:41'),
(400, 'Summer Pink', '6822', NULL, '#dda6a3', NULL, NULL, 7, 24, '2017-01-16 02:34:46', '2017-01-16 02:34:46'),
(401, 'Warm Touch', '6815', NULL, '#381b1f', NULL, NULL, 7, 24, '2017-01-16 02:35:50', '2017-01-16 02:35:50'),
(402, 'Swiss White', '6802', NULL, '#f4f8e7', NULL, NULL, 7, 24, '2017-01-16 02:40:46', '2017-01-16 02:40:46'),
(403, 'Almond Wisp', '6501', NULL, '#f4f8e1', NULL, NULL, 7, 24, '2017-01-16 02:42:23', '2017-01-16 02:42:23'),
(404, 'Lily White', '6300', NULL, '#fff7ea', NULL, NULL, 7, 24, '2017-01-16 02:43:55', '2017-01-16 02:43:55'),
(405, 'Peach Cream', '6823', NULL, '#f9e6c8', NULL, NULL, 7, 24, '2017-01-16 02:45:10', '2017-01-16 02:45:10'),
(406, 'Gold Mist', '6816', NULL, '#846f2e', NULL, NULL, 7, 24, '2017-01-16 02:46:19', '2017-01-16 02:46:19'),
(407, 'Coca Milk', '9305', NULL, '#dcd9a4', NULL, NULL, 7, 27, '2017-01-16 02:51:21', '2017-01-16 02:51:21'),
(408, 'Cold Candy', '9227', NULL, '#fccbad', NULL, NULL, 7, 27, '2017-01-16 02:53:10', '2017-01-16 02:53:10'),
(409, 'Zephyr', '9303', NULL, '#d6b99b', NULL, NULL, 7, 27, '2017-01-16 02:54:36', '2017-01-16 02:54:36'),
(410, 'Tea Rose', '9686', NULL, '#a89083', NULL, NULL, 7, 27, '2017-01-16 02:56:01', '2017-01-16 02:56:01'),
(411, 'Leaf Green', '9035', NULL, '#3d4b32', NULL, NULL, 7, 27, '2017-01-16 02:58:05', '2017-01-16 02:58:05'),
(412, 'Rose Petal', '9050', NULL, '#ded0b5', NULL, NULL, 7, 27, '2017-01-16 03:01:09', '2017-01-16 03:01:09'),
(413, 'Apple White', '9073', NULL, '#e7efca', NULL, NULL, 7, 27, '2017-01-16 03:03:31', '2017-01-16 03:03:31'),
(414, 'Pine Frost', '9689', NULL, '#d0e8da', NULL, NULL, 7, 27, '2017-01-16 03:05:25', '2017-01-16 03:05:25'),
(415, 'Lime Green', '9006', NULL, '#cfe6c9', NULL, NULL, 7, 27, '2017-01-16 03:06:56', '2017-01-16 03:06:56'),
(416, 'Forest Green', '9510', NULL, '#b9d88a', NULL, NULL, 7, 27, '2017-01-16 03:08:32', '2017-01-16 03:08:32'),
(417, 'Lime Fizz', '9691', NULL, '#accdae', NULL, NULL, 7, 27, '2017-01-16 03:10:01', '2017-01-16 03:10:01'),
(418, 'Melody Green', '9010', NULL, '#b0dcc5', NULL, NULL, 7, 27, '2017-01-16 03:12:03', '2017-01-16 03:12:03'),
(419, 'Apple Green', '9027', NULL, '#b2dab5', NULL, NULL, 7, 27, '2017-01-16 03:13:49', '2017-01-16 03:13:49'),
(420, 'Fresh Green', '9506', NULL, '#93b96c', NULL, NULL, 7, 27, '2017-01-16 03:17:55', '2017-01-16 03:17:55'),
(421, 'Fluorite', '9503', NULL, '#f2ee8b', NULL, NULL, 7, 27, '2017-01-16 03:22:27', '2017-01-16 03:22:27'),
(422, 'Pastle Green', '9690', NULL, '#aec39c', NULL, NULL, 7, 27, '2017-01-16 03:23:59', '2017-01-16 03:23:59'),
(423, 'Brighto Green', '9004', NULL, '#80cdbd', NULL, NULL, 7, 27, '2017-01-16 03:25:49', '2017-01-16 03:25:49'),
(424, 'Green Summit', '9513', NULL, '#37b77a', NULL, NULL, 7, 27, '2017-01-16 03:27:24', '2017-01-16 03:27:24'),
(425, 'Peacock Plum', '9502', NULL, '#008a8a', NULL, NULL, 7, 27, '2017-01-16 03:29:06', '2017-01-16 03:29:06'),
(426, 'Jade', '9026', NULL, '#32675d', NULL, NULL, 7, 27, '2017-01-16 03:30:40', '2017-01-16 03:30:40'),
(427, 'Soothing Lilac', '9683', NULL, '#bce6fc', NULL, NULL, 7, 27, '2017-01-16 03:32:29', '2017-01-16 03:32:29'),
(428, 'Ice Blue', '9014', NULL, '#b2e2f9', NULL, NULL, 7, 27, '2017-01-16 03:33:55', '2017-01-16 03:33:55'),
(429, 'Light Blue', '9002', NULL, '#9fdcef', NULL, NULL, 7, 27, '2017-01-16 03:35:15', '2017-01-16 03:35:15'),
(430, 'Brighto Blue', '9008', NULL, '#6ec1ed', NULL, NULL, 7, 27, '2017-01-16 03:36:47', '2017-01-16 03:36:47'),
(431, 'Electric Blue', '9508', NULL, '#1e3d6b', NULL, NULL, 7, 27, '2017-01-16 03:38:30', '2017-01-16 03:38:30'),
(432, 'Off White', '3101', NULL, '#fef9b9', NULL, NULL, 7, 28, '2017-01-16 04:49:08', '2017-01-16 04:49:08'),
(433, 'Bone White', '3051', NULL, '#fbeab4', NULL, NULL, 7, 28, '2017-01-16 04:50:20', '2017-01-16 04:50:20'),
(434, 'Cream', '3001', NULL, '#fce7a4', NULL, NULL, 7, 28, '2017-01-16 04:51:13', '2017-01-16 04:51:13'),
(435, 'Lemon', '3006', NULL, '#f9bf13', NULL, NULL, 7, 28, '2017-01-16 04:52:20', '2017-01-16 04:52:20'),
(436, 'Golden Yellow', '3007', NULL, '#f08c2a', NULL, NULL, 7, 28, '2017-01-16 04:53:29', '2017-01-16 04:53:29'),
(437, 'Peach Shadow', '3114', NULL, '#f0af9d', NULL, NULL, 7, 28, '2017-01-16 04:54:48', '2017-01-16 04:54:48'),
(438, 'Diyar', '3078', NULL, '#cead84', NULL, NULL, 7, 28, '2017-01-16 04:55:45', '2017-01-16 04:55:45'),
(439, 'Pale Cream', '3071', NULL, '#9d7746', NULL, NULL, 7, 28, '2017-01-16 04:56:58', '2017-01-16 04:56:58'),
(440, 'Beige', '3050', NULL, '#e2ad83', NULL, NULL, 7, 28, '2017-01-16 04:57:54', '2017-01-16 04:57:54'),
(441, 'Coriander', '3030', NULL, '#938181', NULL, NULL, 7, 28, '2017-01-16 04:58:54', '2017-01-16 04:58:54'),
(442, 'Ash White', '3042', NULL, '#cbc9bd', NULL, NULL, 7, 28, '2017-01-16 04:59:52', '2017-01-16 04:59:52'),
(443, 'Oyster', '3072', NULL, '#acafa4', NULL, NULL, 7, 28, '2017-01-16 05:00:55', '2017-01-16 05:00:55'),
(444, 'Pumice', '3076', NULL, '#adc6cd', NULL, NULL, 7, 28, '2017-01-16 05:01:53', '2017-01-16 05:01:53'),
(445, 'Court Grey', '3080', NULL, '#909d8b', NULL, NULL, 7, 28, '2017-01-16 05:02:50', '2017-01-16 05:02:50'),
(446, 'Light Grey', '3003', NULL, '#759192', NULL, NULL, 7, 28, '2017-01-16 05:03:41', '2017-01-16 05:03:41'),
(447, 'Brighto Grey', '3005', NULL, '#3e7eae', NULL, NULL, 7, 28, '2017-01-16 05:05:03', '2017-01-16 05:05:03'),
(448, 'H.R Blue', '3034', NULL, '#00275e', NULL, NULL, 7, 28, '2017-01-16 05:05:58', '2017-01-16 05:05:58'),
(449, 'Royal Blue', '3018', NULL, '#06061e', NULL, NULL, 7, 28, '2017-01-16 05:07:09', '2017-01-16 05:07:09'),
(450, 'Smoke Grey', '3105', NULL, '#71969c', NULL, NULL, 7, 28, '2017-01-16 05:08:18', '2017-01-16 05:08:18'),
(451, 'Dark Grey', '3004', NULL, '#374548', NULL, NULL, 7, 28, '2017-01-16 05:09:17', '2017-01-16 05:09:17'),
(452, 'Clay', '3055', NULL, '#bdb69a', NULL, NULL, 7, 28, '2017-01-16 05:10:11', '2017-01-16 05:10:11'),
(453, 'Antelope', '3084', NULL, '#89867f', NULL, NULL, 7, 28, '2017-01-16 05:11:12', '2017-01-16 05:11:12'),
(454, 'Champagne', '3077', NULL, '#5e5c4d', NULL, NULL, 7, 28, '2017-01-16 05:12:54', '2017-01-16 05:12:54'),
(455, 'Dark Brown', '3075', NULL, '#200c0b', NULL, NULL, 7, 28, '2017-01-16 05:13:55', '2017-01-16 05:13:55'),
(456, 'Brighto Brown', '3031', NULL, '#0e0000', NULL, NULL, 7, 28, '2017-01-16 05:15:03', '2017-01-16 05:15:03'),
(457, 'Light Green', '3400', NULL, '#b7e0d2', NULL, NULL, 7, 28, '2017-01-16 05:16:34', '2017-01-16 05:16:34'),
(458, 'Sea Grean', '3027', NULL, '#7ebe99', NULL, NULL, 7, 28, '2017-01-16 05:17:26', '2017-01-16 05:17:26'),
(459, 'Adams Green', '3023', NULL, '#45a48c', NULL, NULL, 7, 28, '2017-01-16 05:18:37', '2017-01-16 05:18:37'),
(460, 'Emerald', '3022', NULL, '#01654b', NULL, NULL, 7, 28, '2017-01-16 05:19:38', '2017-01-16 05:19:38'),
(461, 'Scarab', '3019', NULL, '#002923', NULL, NULL, 7, 28, '2017-01-16 05:20:52', '2017-01-16 05:20:52');
INSERT INTO `shades` (`id`, `shade_name`, `shade_code`, `shade_pic`, `shade_color`, `shade_type`, `shade_sort_id`, `brand_id`, `product_id`, `created_at`, `updated_at`) VALUES
(462, 'Off White', '3001', NULL, '#faf7c4', NULL, NULL, 6, 53, '2017-01-18 01:07:49', '2017-01-18 01:07:49'),
(463, 'Mid Off White', '3002', NULL, '#fbf8d5', NULL, NULL, 6, 53, '2017-01-18 01:08:52', '2017-01-18 01:08:52'),
(464, 'Badami', '3003', NULL, '#f9f2d5', NULL, NULL, 6, 53, '2017-01-18 01:09:57', '2017-01-18 01:09:57'),
(465, 'Pale Cream', '3004', NULL, '#ffdba1', NULL, NULL, 6, 53, '2017-01-18 01:10:55', '2017-01-18 01:10:55'),
(466, 'Lavender White', '3005', NULL, '#fbf6fa', NULL, NULL, 6, 53, '2017-01-18 01:15:31', '2017-01-18 01:15:31'),
(467, 'Cockleshell', '3006', NULL, '#f1eace', NULL, NULL, 6, 53, '2017-01-18 01:16:27', '2017-01-18 01:16:27'),
(468, 'Off Scoop', '3007', NULL, '#ffe2ae', NULL, NULL, 6, 53, '2017-01-18 01:17:52', '2017-01-18 01:17:52'),
(469, 'Ash White', '3008', NULL, '#f8fbf4', NULL, NULL, 6, 53, '2017-01-18 01:18:56', '2017-01-18 01:18:56'),
(470, 'River Sand', '3009', NULL, '#dbcda6', NULL, NULL, 6, 53, '2017-01-18 01:20:04', '2017-01-18 01:20:04'),
(471, 'Light Ochre', '3010', NULL, '#ffcf87', NULL, NULL, 6, 53, '2017-01-18 01:21:14', '2017-01-18 01:21:14'),
(472, 'Promise', '3011', NULL, '#f7e0b6', NULL, NULL, 6, 53, '2017-01-18 01:22:42', '2017-01-18 01:22:42'),
(473, 'Clay', '3012', NULL, '#c0b5a3', NULL, NULL, 6, 53, '2017-01-18 01:23:41', '2017-01-18 01:23:41'),
(474, 'Butter-cup', '3013', NULL, '#e2bf95', NULL, NULL, 6, 53, '2017-01-18 01:24:51', '2017-01-18 01:24:51'),
(475, 'Polka', '3014', NULL, '#fff582', NULL, NULL, 6, 53, '2017-01-18 01:25:52', '2017-01-18 01:25:52'),
(476, 'Mango Yellow', '3015', NULL, '#fcc779', NULL, NULL, 6, 53, '2017-01-18 01:26:54', '2017-01-18 01:26:54'),
(477, 'Copper Moon', '3016', NULL, '#d6624b', NULL, NULL, 6, 53, '2017-01-18 01:28:08', '2017-01-18 01:28:08'),
(478, 'Off White', '0010', NULL, '#fffde6', NULL, NULL, 3, 33, '2017-01-18 02:35:28', '2017-01-18 02:35:28'),
(479, 'Cockle Shell', '3442', NULL, '#eae7de', NULL, NULL, 3, 33, '2017-01-18 02:36:43', '2017-01-18 02:36:43'),
(480, 'Misty Grey', 'EC12', NULL, '#dce4d9', NULL, NULL, 3, 33, '2017-01-18 02:37:46', '2017-01-18 02:37:46'),
(481, 'Orange Blast', '3017', NULL, '#dd7d53', NULL, NULL, 6, 53, '2017-01-18 02:38:26', '2017-01-18 02:38:26'),
(482, 'Lavender White', '0474', NULL, '#d8e2e4', NULL, NULL, 3, 33, '2017-01-18 02:38:43', '2017-01-18 02:38:43'),
(483, 'Red Earth', '3018', NULL, '#8e3843', NULL, NULL, 6, 53, '2017-01-18 02:39:33', '2017-01-18 02:39:33'),
(484, 'Ultra Sand Stone', '3144', NULL, '#cbc2b9', NULL, NULL, 3, 33, '2017-01-18 02:39:34', '2017-01-18 02:39:34'),
(485, 'Ash White', '0110', NULL, '#d3d9cd', NULL, NULL, 3, 33, '2017-01-18 02:40:46', '2017-01-18 02:40:46'),
(486, 'Onion', '0318', NULL, '#eae3d3', NULL, NULL, 3, 33, '2017-01-18 02:41:33', '2017-01-18 02:41:33'),
(487, 'Hopsack', 'EC10', NULL, '#bab598', NULL, NULL, 3, 33, '2017-01-18 02:42:23', '2017-01-18 02:42:23'),
(488, 'Tea Rose New', '4810', NULL, '#9d9787', NULL, NULL, 3, 33, '2017-01-18 02:43:13', '2017-01-18 02:43:13'),
(489, 'Almond White', '0480', NULL, '#e5e4d2', NULL, NULL, 3, 33, '2017-01-18 02:44:27', '2017-01-18 02:44:27'),
(490, 'Beige New', '3390', NULL, '#a39f72', NULL, NULL, 3, 33, '2017-01-18 02:45:13', '2017-01-18 02:45:13'),
(491, 'Sky Grey New', '6354', NULL, '#aeb4a8', NULL, NULL, 3, 33, '2017-01-18 02:46:07', '2017-01-18 02:46:07'),
(492, 'Zephyr', '3091', NULL, '#ddd7b7', NULL, NULL, 3, 33, '2017-01-18 02:47:03', '2017-01-18 02:47:03'),
(493, 'Honey Drop', 'EC11', NULL, '#d3a97f', NULL, NULL, 3, 33, '2017-01-18 02:47:51', '2017-01-18 02:47:51'),
(494, 'Fragrant Jasmine', '9001', NULL, '#fbf8e7', NULL, NULL, 6, 59, '2017-01-18 02:48:33', '2017-01-18 02:48:33'),
(495, 'Steel Grey', '6210', NULL, '#98afa9', NULL, NULL, 3, 33, '2017-01-18 02:48:42', '2017-01-18 02:48:42'),
(496, 'Navajo White', '9002', NULL, '#e4dec4', NULL, NULL, 6, 59, '2017-01-18 02:51:03', '2017-01-18 02:51:03'),
(497, 'Off White', '0010', NULL, '#fffde6', NULL, NULL, 3, 41, '2017-01-18 02:51:08', '2017-01-18 02:51:08'),
(498, 'Sea Shell', '4158', NULL, '#f4e3d3', NULL, NULL, 3, 41, '2017-01-18 02:52:00', '2017-01-18 02:52:00'),
(499, 'Joyous', '9003', NULL, '#fff79a', NULL, NULL, 6, 59, '2017-01-18 02:52:15', '2017-01-18 02:52:15'),
(500, 'Khakhi', '4130', NULL, '#dee2d3', NULL, NULL, 3, 41, '2017-01-18 02:52:38', '2017-01-18 02:52:38'),
(501, 'Almond ', '4090', NULL, '#faf7e6', NULL, NULL, 3, 41, '2017-01-18 02:53:24', '2017-01-18 02:53:24'),
(502, 'Autumn Glow', '9004', NULL, '#fdd5b2', NULL, NULL, 6, 59, '2017-01-18 02:53:51', '2017-01-18 02:53:51'),
(503, 'Suger Cane', '3092', NULL, '#ece0c8', NULL, NULL, 3, 41, '2017-01-18 02:54:22', '2017-01-18 02:54:22'),
(504, 'Blue Opal', '9005', NULL, '#e1f3fd', NULL, NULL, 6, 59, '2017-01-18 02:55:00', '2017-01-18 02:55:00'),
(505, 'Dove Grey', '6100', NULL, '#bfc8b5', NULL, NULL, 3, 41, '2017-01-18 02:55:08', '2017-01-18 02:55:08'),
(506, 'Ash White', '4010', NULL, '#e4e6d9', NULL, NULL, 3, 41, '2017-01-18 02:55:51', '2017-01-18 02:55:51'),
(507, 'Cattage  White', '9006', NULL, '#fff4dc', NULL, NULL, 6, 59, '2017-01-18 02:56:08', '2017-01-18 02:56:08'),
(508, 'Tea Rose ', '4810', NULL, '#c1b1b1', NULL, NULL, 3, 41, '2017-01-18 02:56:35', '2017-01-18 02:56:35'),
(509, 'Clay', '2991', NULL, '#9a9c8f', NULL, NULL, 3, 41, '2017-01-18 02:57:16', '2017-01-18 02:57:16'),
(510, 'Antique White', '9007', NULL, '#e4d8c0', NULL, NULL, 6, 59, '2017-01-18 02:57:17', '2017-01-18 02:57:17'),
(511, 'Autumn Stone', '3118', NULL, '#e5e0cc', NULL, NULL, 3, 41, '2017-01-18 02:58:12', '2017-01-18 02:58:12'),
(512, 'Wisdom', '9008', NULL, '#deecdf', NULL, NULL, 6, 59, '2017-01-18 02:58:44', '2017-01-18 02:58:44'),
(513, 'Sand Stone', '3870', NULL, '#cbc0aa', NULL, NULL, 3, 41, '2017-01-18 02:58:50', '2017-01-18 02:58:50'),
(514, 'Hopsack', '3665', NULL, '#b3ba9b', NULL, NULL, 3, 41, '2017-01-18 02:59:36', '2017-01-18 02:59:36'),
(515, 'Abstract White', '9009', NULL, '#e1dcbe', NULL, NULL, 6, 59, '2017-01-18 02:59:53', '2017-01-18 02:59:53'),
(516, 'Fawn', '3550', NULL, '#d8d2bc', NULL, NULL, 3, 41, '2017-01-18 03:00:22', '2017-01-18 03:00:22'),
(517, 'Cameo', '4021', NULL, '#bea682', NULL, NULL, 3, 41, '2017-01-18 03:01:09', '2017-01-18 03:01:09'),
(518, 'Silver Tradition', '9010', NULL, '#c3c9c9', NULL, NULL, 6, 59, '2017-01-18 03:01:14', '2017-01-18 03:01:14'),
(519, 'Choco Mait', '4177', NULL, '#b08670', NULL, NULL, 3, 41, '2017-01-18 03:01:51', '2017-01-18 03:01:51'),
(520, 'Magnolia', '3250', NULL, '#d0ccaf', NULL, NULL, 3, 41, '2017-01-18 03:02:32', '2017-01-18 03:02:32'),
(521, 'White', '2000', NULL, '#fbf9fa', NULL, NULL, 6, 55, '2017-01-18 03:02:38', '2017-01-18 03:02:38'),
(522, 'Beige', '3390', NULL, '#b4a482', NULL, NULL, 3, 41, '2017-01-18 03:03:15', '2017-01-18 03:03:15'),
(523, 'Cockleshell', '2025', NULL, '#e3e0d1', NULL, NULL, 6, 55, '2017-01-18 03:03:45', '2017-01-18 03:03:45'),
(524, 'Desert Dawn', '4176', NULL, '#b8816d', NULL, NULL, 3, 41, '2017-01-18 03:03:55', '2017-01-18 03:03:55'),
(525, 'Swiss White', '2017', NULL, '#fff4d6', NULL, NULL, 6, 55, '2017-01-18 03:05:08', '2017-01-18 03:05:08'),
(526, 'Off White', 'NU10', NULL, '#fffbd8', NULL, NULL, 3, 38, '2017-01-18 03:06:07', '2017-01-18 03:06:07'),
(527, 'Expresso', '2014', NULL, '#1f1c23', NULL, NULL, 6, 55, '2017-01-18 03:06:49', '2017-01-18 03:06:49'),
(528, 'Beige', 'NU13', NULL, '#bea682', NULL, NULL, 3, 38, '2017-01-18 03:06:51', '2017-01-18 03:06:51'),
(529, 'New Blush Pink', 'NU24', NULL, '#fbc9be', NULL, NULL, 3, 38, '2017-01-18 03:07:31', '2017-01-18 03:07:31'),
(530, 'Ash White', '2036', NULL, '#d8dbd0', NULL, NULL, 6, 55, '2017-01-18 03:08:05', '2017-01-18 03:08:05'),
(531, 'Fresh Cream', 'NU30', NULL, '#fceec1', NULL, NULL, 3, 38, '2017-01-18 03:08:28', '2017-01-18 03:08:28'),
(532, 'Copper Canyon', 'NU32', NULL, '#b08670', NULL, NULL, 3, 38, '2017-01-18 03:09:09', '2017-01-18 03:09:09'),
(533, 'Honey Dew', '2002', NULL, '#e2cfbe', NULL, NULL, 6, 55, '2017-01-18 03:09:25', '2017-01-18 03:09:25'),
(534, 'Pink', 'NU33', NULL, '3f9b8b6', NULL, NULL, 3, 38, '2017-01-18 03:09:49', '2017-01-18 03:09:49'),
(535, 'New Cream', 'NU11', NULL, '#e4d4b0', NULL, NULL, 3, 38, '2017-01-18 03:10:34', '2017-01-18 03:10:34'),
(536, 'Lavender White', '2034', NULL, '#fdf7f9', NULL, NULL, 6, 55, '2017-01-18 03:10:38', '2017-01-18 03:10:38'),
(537, 'New Pumice', 'NU20', NULL, '#a9b7b7', NULL, NULL, 3, 38, '2017-01-18 03:11:24', '2017-01-18 03:11:24'),
(538, 'Mango Yellow', '2029', NULL, '#fdbf68', NULL, NULL, 6, 55, '2017-01-18 03:12:04', '2017-01-18 03:12:04'),
(539, 'Hot Pink', 'NU34', NULL, '#b85a8f', NULL, NULL, 3, 38, '2017-01-18 03:12:09', '2017-01-18 03:12:09'),
(540, 'New Dyar', 'NU12', NULL, '#d8b490', NULL, NULL, 3, 38, '2017-01-18 03:12:54', '2017-01-18 03:12:54'),
(541, 'Lvory Silk', '2016', NULL, '#dddcc7', NULL, NULL, 6, 55, '2017-01-18 03:13:21', '2017-01-18 03:13:21'),
(542, 'New Court Grey', 'NU17', NULL, '#8c968e', NULL, NULL, 3, 38, '2017-01-18 03:13:49', '2017-01-18 03:13:49'),
(543, 'Signal Red', 'NU26', NULL, '#871727', NULL, NULL, 3, 38, '2017-01-18 03:14:35', '2017-01-18 03:14:35'),
(544, 'Gentle Blue', '2022', NULL, '#b2e2f9', NULL, NULL, 6, 55, '2017-01-18 03:14:37', '2017-01-18 03:14:37'),
(545, 'Ash White', 'NU15', NULL, '#abb89c', NULL, NULL, 3, 38, '2017-01-18 03:15:17', '2017-01-18 03:15:17'),
(546, 'Smoke Gray', 'NU16', NULL, '#505d65', NULL, NULL, 3, 38, '2017-01-18 03:15:57', '2017-01-18 03:15:57'),
(547, 'Deep Orange', 'NU36', NULL, '#b7403a', NULL, NULL, 3, 38, '2017-01-18 03:16:32', '2017-01-18 03:16:32'),
(548, 'Magnolia', '001', NULL, '#f0ebcd', NULL, NULL, 6, 57, '2017-01-18 03:17:56', '2017-01-18 03:17:56'),
(549, 'Off White', '2141', NULL, '#f9f9dd', NULL, NULL, 3, 35, '2017-01-18 03:17:58', '2017-01-18 03:17:58'),
(550, 'Magnolia', '0292', NULL, '#fff1da', NULL, NULL, 3, 35, '2017-01-18 03:20:52', '2017-01-18 03:20:52'),
(551, 'Autumn Stone', '002', NULL, '#e7e5d6', NULL, NULL, 6, 57, '2017-01-18 03:21:04', '2017-01-18 03:21:04'),
(552, 'Badami', '0482', NULL, '#eff2e9', NULL, NULL, 3, 35, '2017-01-18 03:24:21', '2017-01-18 03:24:21'),
(553, 'Beige', '022', NULL, '#b7a486', NULL, NULL, 6, 57, '2017-01-18 03:24:55', '2017-01-18 03:24:55'),
(554, 'Ash White', '9001', NULL, '#d5dbcf', NULL, NULL, 3, 35, '2017-01-18 03:25:24', '2017-01-18 03:25:24'),
(555, 'Off White', '020', NULL, '#fffac6', NULL, NULL, 6, 57, '2017-01-18 03:25:52', '2017-01-18 03:25:52'),
(556, 'Wisper', '7139', NULL, '#dbe4e3', NULL, NULL, 3, 35, '2017-01-18 03:26:11', '2017-01-18 03:26:11'),
(557, 'Beaver', '025', NULL, '#473a34', NULL, NULL, 6, 57, '2017-01-18 03:26:52', '2017-01-18 03:26:52'),
(558, 'Cream', '0393', NULL, '#e8e8cc', NULL, NULL, 3, 35, '2017-01-18 03:27:03', '2017-01-18 03:27:03'),
(559, 'Cockleshell', '1015', NULL, '#e8e8d0', NULL, NULL, 3, 35, '2017-01-18 03:27:45', '2017-01-18 03:27:45'),
(560, 'Silk Stone', '011', NULL, '#e7e5d6', NULL, NULL, 6, 57, '2017-01-18 03:27:56', '2017-01-18 03:27:56'),
(561, 'Ash White', '016', NULL, '#e3e7e8', NULL, NULL, 6, 57, '2017-01-18 03:28:54', '2017-01-18 03:28:54'),
(562, 'Mushro0m', '0383', NULL, '#d9bc9e', NULL, NULL, 3, 35, '2017-01-18 03:29:00', '2017-01-18 03:29:00'),
(563, 'Cameo', '0373', NULL, '#e6ba95', NULL, NULL, 3, 35, '2017-01-18 03:29:38', '2017-01-18 03:29:38'),
(564, 'Portland', '017', NULL, '#cfd0ca', NULL, NULL, 6, 57, '2017-01-18 03:30:26', '2017-01-18 03:30:26'),
(565, 'Sandstone', '5114', NULL, '#b49e86', NULL, NULL, 3, 35, '2017-01-18 03:30:27', '2017-01-18 03:30:27'),
(566, 'Rose White', '0162', NULL, '#fee6cc', NULL, NULL, 3, 35, '2017-01-18 03:31:24', '2017-01-18 03:31:24'),
(567, 'Almond', '010', NULL, '#edebc5', NULL, NULL, 6, 57, '2017-01-18 03:31:29', '2017-01-18 03:31:29'),
(568, 'Moon Flower', '0213', NULL, '#fbcfd0', NULL, NULL, 3, 35, '2017-01-18 03:32:06', '2017-01-18 03:32:06'),
(569, 'Charcoal', '026', NULL, '#acafa4', NULL, NULL, 6, 57, '2017-01-18 03:32:38', '2017-01-18 03:32:38'),
(570, 'Pink', '1493', NULL, '#facfd6', NULL, NULL, 3, 35, '2017-01-18 03:32:50', '2017-01-18 03:32:50'),
(571, 'Light Red', '0116', NULL, '#a82a36', NULL, NULL, 3, 35, '2017-01-18 03:33:38', '2017-01-18 03:33:38'),
(572, 'Sky Grey', '015', NULL, '#d5d9da', NULL, NULL, 6, 57, '2017-01-18 03:33:44', '2017-01-18 03:33:44'),
(573, 'Peach', '0156', NULL, '#e16d48', NULL, NULL, 3, 35, '2017-01-18 03:34:14', '2017-01-18 03:34:14'),
(574, 'Goose Wing', '018', NULL, '#8f979a', NULL, NULL, 6, 57, '2017-01-18 03:34:48', '2017-01-18 03:34:48'),
(575, 'Off White', '0010', NULL, '#fef5d8', NULL, NULL, 3, 34, '2017-01-18 03:35:30', '2017-01-18 03:35:30'),
(576, 'Sugar Cane', '021', NULL, '#e4dec4', NULL, NULL, 6, 57, '2017-01-18 03:35:46', '2017-01-18 03:35:46'),
(577, 'Monsoon', '6168', NULL, '#abb2a0', NULL, NULL, 3, 34, '2017-01-18 03:36:09', '2017-01-18 03:36:09'),
(578, 'Swati', '3243', NULL, '#b4a482', NULL, NULL, 3, 34, '2017-01-18 03:36:44', '2017-01-18 03:36:44'),
(579, 'Soft Silk', '027', NULL, '#fbd491', NULL, NULL, 6, 57, '2017-01-18 03:37:11', '2017-01-18 03:37:11'),
(580, 'Shooting Star', '7102', NULL, '#d3cde7', NULL, NULL, 3, 34, '2017-01-18 03:37:26', '2017-01-18 03:37:26'),
(581, 'Black', '028', NULL, '#000000', NULL, NULL, 6, 57, '2017-01-18 03:37:55', '2017-01-18 03:37:55'),
(582, 'Rose Valvet', '4094', NULL, '#d4bcdc', NULL, NULL, 3, 34, '2017-01-18 03:38:26', '2017-01-18 03:38:26'),
(583, 'Mauve', '7098', NULL, '#a4a4ca', NULL, NULL, 3, 34, '2017-01-18 03:39:22', '2017-01-18 03:39:22'),
(584, 'Guava', '2152', NULL, '#97d1ab', NULL, NULL, 3, 34, '2017-01-18 03:40:00', '2017-01-18 03:40:00'),
(585, 'Smoke Gray', '6340', NULL, '#53646c', NULL, NULL, 3, 34, '2017-01-18 03:40:37', '2017-01-18 03:40:37'),
(586, 'Beige', '3390', NULL, '#a99273', NULL, NULL, 3, 34, '2017-01-18 03:41:12', '2017-01-18 03:41:12'),
(587, 'Gilgit Sky', '1154', NULL, '#7babc2', NULL, NULL, 3, 34, '2017-01-18 03:41:56', '2017-01-18 03:41:56'),
(588, 'Dyar', '3096', NULL, '#bd9f7b', NULL, NULL, 3, 34, '2017-01-18 03:42:37', '2017-01-18 03:42:37'),
(589, 'Hawks Bay', '1155', NULL, '#01626b', NULL, NULL, 3, 34, '2017-01-18 03:43:18', '2017-01-18 03:43:18'),
(590, 'Golden Brown', '4320', NULL, '#5e2722', NULL, NULL, 3, 34, '2017-01-18 03:43:54', '2017-01-18 03:43:54'),
(591, 'Grill Blu', '1317', NULL, '#003054', NULL, NULL, 3, 34, '2017-01-18 03:44:29', '2017-01-18 03:44:29'),
(592, 'Spanish Oak', '4072', NULL, '#1d0005', NULL, NULL, 3, 34, '2017-01-18 03:45:02', '2017-01-18 03:45:02'),
(593, 'Safari', '2264', NULL, '#01363c', NULL, NULL, 3, 34, '2017-01-18 03:45:41', '2017-01-18 03:45:41'),
(594, 'Signal Cream', '2600', NULL, '#014035', NULL, NULL, 3, 34, '2017-01-18 03:46:10', '2017-01-18 03:46:10'),
(595, 'Signal Red', '5800', NULL, '#70122d', NULL, NULL, 3, 34, '2017-01-18 03:46:46', '2017-01-18 03:46:46'),
(596, 'Coast White', 'S129', NULL, '#fcfdff', NULL, NULL, 3, 39, '2017-01-18 03:48:29', '2017-01-18 03:48:29'),
(597, 'Cotton Ball', 'S119', NULL, '#fffef9', NULL, NULL, 3, 39, '2017-01-18 03:49:11', '2017-01-18 03:49:11'),
(598, 'Candle Wax', 'S116', NULL, '#f8f4f1', NULL, NULL, 3, 39, '2017-01-18 03:49:55', '2017-01-18 03:49:55'),
(599, 'Antique White', 'S136', NULL, '#ece8e5', NULL, NULL, 3, 39, '2017-01-18 03:51:25', '2017-01-18 03:51:25'),
(600, 'Desert Beige', 'S117', NULL, '#dbdad6', NULL, NULL, 3, 39, '2017-01-18 03:52:03', '2017-01-18 03:52:03'),
(601, 'Coppertone', 'S112', NULL, '#ba9f84', NULL, NULL, 3, 39, '2017-01-18 03:52:45', '2017-01-18 03:52:45'),
(602, 'Crisp Apple', 'S139', NULL, '#f4faf0', NULL, NULL, 3, 39, '2017-01-18 03:53:55', '2017-01-18 03:53:55'),
(603, 'Precious Green', 'S132', NULL, '#c2e3ce', NULL, NULL, 3, 39, '2017-01-18 03:55:37', '2017-01-18 03:55:37'),
(604, 'Fresh Day', 'S130', NULL, '#d0e4b1', NULL, NULL, 3, 39, '2017-01-18 03:56:12', '2017-01-18 03:56:12'),
(605, 'Hoolywood Hill', 'S131', NULL, '#5e6843', NULL, NULL, 3, 39, '2017-01-18 03:57:08', '2017-01-18 03:57:08'),
(606, 'Mystic River', 'S125', NULL, '#013e3f', NULL, NULL, 3, 39, '2017-01-18 03:58:02', '2017-01-18 03:58:02'),
(607, 'Heron Grey', 'S110', NULL, '#acafa4', NULL, NULL, 3, 39, '2017-01-18 03:58:39', '2017-01-18 03:58:39'),
(608, 'Igloo', 'S133', NULL, '#e5eef3', NULL, NULL, 3, 39, '2017-01-18 03:59:36', '2017-01-18 03:59:36'),
(609, 'Blubell', 'S124', NULL, '#4d96b9', NULL, NULL, 3, 39, '2017-01-18 04:00:13', '2017-01-18 04:00:13'),
(610, 'Arabian Nights', 'S134', NULL, '#4a668d', NULL, NULL, 3, 39, '2017-01-18 04:00:51', '2017-01-18 04:00:51'),
(611, 'French Poodle', 'S137', NULL, '#f9f1ef', NULL, NULL, 3, 39, '2017-01-18 04:01:35', '2017-01-18 04:01:35'),
(612, 'Newborn', 'S138', NULL, '#dcdae7', NULL, NULL, 3, 39, '2017-01-18 04:02:14', '2017-01-18 04:02:14'),
(613, 'Gemini Twin', 'S121', NULL, '#604d7b', NULL, NULL, 3, 39, '2017-01-18 04:02:52', '2017-01-18 04:02:52'),
(614, 'Off White', '0010', NULL, '#f7faef', NULL, NULL, 3, 36, '2017-01-18 04:04:07', '2017-01-18 04:04:07'),
(615, 'Off White Plus', '0120', NULL, '#f9f9dd', NULL, NULL, 3, 36, '2017-01-18 04:04:39', '2017-01-18 04:04:39'),
(616, 'Cockleshell', '3442', NULL, '#e1e0b4', NULL, NULL, 3, 36, '2017-01-18 04:05:24', '2017-01-18 04:05:24'),
(617, 'Lvory Slik', '3179', NULL, '#fff6dd', NULL, NULL, 3, 36, '2017-01-18 04:06:07', '2017-01-18 04:06:07'),
(618, 'Sand Dune', '3152', NULL, '#e0d3b0', NULL, NULL, 3, 36, '2017-01-18 04:06:44', '2017-01-18 04:06:44'),
(619, 'Lavender White', '0474', NULL, '#eaefe9', NULL, NULL, 3, 36, '2017-01-18 04:08:47', '2017-01-18 04:08:47'),
(620, 'Ash White', '0110', NULL, '#ecefe4', NULL, NULL, 3, 36, '2017-01-18 04:09:15', '2017-01-18 04:09:15'),
(621, 'Pearl Glow', '7239', NULL, '#dbdfe2', NULL, NULL, 3, 36, '2017-01-18 04:10:00', '2017-01-18 04:10:00'),
(622, 'pearl', '0112', NULL, '#c1d0d3', NULL, NULL, 3, 36, '2017-01-18 04:10:32', '2017-01-18 04:10:32'),
(623, 'Dove Grey', '6100', NULL, '#647b8b', NULL, NULL, 3, 36, '2017-01-18 04:11:21', '2017-01-18 04:11:21'),
(624, 'Pink violet', '5095', NULL, '#e5e4e2', NULL, NULL, 3, 36, '2017-01-18 04:12:34', '2017-01-18 04:12:34'),
(625, 'Lace', '4054', NULL, '#ddd9e7', NULL, NULL, 3, 36, '2017-01-18 04:13:10', '2017-01-18 04:13:10'),
(626, 'Delicate Pink', '7236', NULL, '#dec8d5', NULL, NULL, 3, 36, '2017-01-18 04:13:53', '2017-01-18 04:13:53'),
(627, 'Orchard  Lane', '7201', NULL, '#b0b3c4', NULL, NULL, 3, 36, '2017-01-18 04:14:43', '2017-01-18 04:14:43'),
(628, 'Elegance', '4070', NULL, '#362f5b', NULL, NULL, 3, 36, '2017-01-18 04:15:55', '2017-01-18 04:15:55'),
(629, 'Carnival Pink', '7359', NULL, '#7a2f58', NULL, NULL, 3, 36, '2017-01-18 04:16:49', '2017-01-18 04:16:49'),
(630, 'pale White', '3121', NULL, '#fef8e5', NULL, NULL, 3, 37, '2017-01-19 00:01:11', '2017-01-19 00:01:11'),
(631, 'Badami', '0482', NULL, '#efebe4', NULL, NULL, 3, 37, '2017-01-19 00:02:24', '2017-01-19 00:02:24'),
(632, 'Vanilla Ice', '1682', NULL, '#fef8e5', NULL, NULL, 3, 40, '2017-01-19 00:06:10', '2017-01-19 00:06:10'),
(633, 'Off White', '0010', NULL, '#f5f4e5', NULL, NULL, 3, 40, '2017-01-19 00:07:22', '2017-01-19 00:07:22'),
(634, 'Bone White', '0060', NULL, '#fce7cb', NULL, NULL, 3, 40, '2017-01-19 00:09:09', '2017-01-19 00:09:09'),
(635, 'Honey Cream', '3160', NULL, '#f3e3ca', NULL, NULL, 3, 40, '2017-01-19 00:11:20', '2017-01-19 00:11:20'),
(636, 'Off White', '2141', NULL, '#faf9dd', NULL, NULL, 3, 37, '2017-01-19 00:12:36', '2017-01-19 00:12:36'),
(637, 'Beige', '3390', NULL, '#c8b9a4', NULL, NULL, 3, 40, '2017-01-19 00:13:38', '2017-01-19 00:13:38'),
(638, 'Magnolia', '0392', NULL, '#fdefd8', NULL, NULL, 3, 37, '2017-01-19 00:13:44', '2017-01-19 00:13:44'),
(639, 'Butter Scotch', '3040', NULL, '#c7bab9', NULL, NULL, 3, 40, '2017-01-19 00:14:31', '2017-01-19 00:14:31'),
(640, 'Cream', '0393', NULL, '#d1c194', NULL, NULL, 3, 37, '2017-01-19 00:14:40', '2017-01-19 00:14:40'),
(641, 'Desert Beige', '1104', NULL, '#f8d1c0', NULL, NULL, 3, 40, '2017-01-19 00:16:32', '2017-01-19 00:16:32'),
(642, 'Lavender White', '0592', NULL, '#e1d7db', NULL, NULL, 3, 37, '2017-01-19 00:16:39', '2017-01-19 00:16:39'),
(643, 'Glazed Violet', '7352', NULL, '#dad7db', NULL, NULL, 3, 40, '2017-01-19 00:17:19', '2017-01-19 00:17:19'),
(644, 'Ash White', '9001', NULL, '#dde2d3', NULL, NULL, 3, 37, '2017-01-19 00:17:43', '2017-01-19 00:17:43'),
(645, 'Ash Grey', '6030', NULL, '#dde2ce', NULL, NULL, 3, 40, '2017-01-19 00:17:58', '2017-01-19 00:17:58'),
(646, 'Cockleshell', '1015', NULL, '#d2c1ad', NULL, NULL, 3, 37, '2017-01-19 00:18:45', '2017-01-19 00:18:45'),
(647, 'Court Grey', '6059', NULL, '#c0b7a4', NULL, NULL, 3, 40, '2017-01-19 00:18:53', '2017-01-19 00:18:53'),
(648, 'Slate Grey', '6400', NULL, '#c0b5a3', NULL, NULL, 3, 40, '2017-01-19 00:19:48', '2017-01-19 00:19:48'),
(649, 'Dove White', '5201', NULL, '#c7cfc8', NULL, NULL, 3, 37, '2017-01-19 00:20:09', '2017-01-19 00:20:09'),
(650, 'Smoke Gray', '6340', NULL, '#9faca3', NULL, NULL, 3, 40, '2017-01-19 00:20:22', '2017-01-19 00:20:22'),
(651, 'Dove Grey', '7047', NULL, '#cad3d3', NULL, NULL, 3, 37, '2017-01-19 00:21:12', '2017-01-19 00:21:12'),
(652, 'Bali Blue ', '1428', NULL, '#58625d', NULL, NULL, 3, 40, '2017-01-19 00:21:15', '2017-01-19 00:21:15'),
(653, 'Comet Blue', '1100', NULL, '#6b7b75', NULL, NULL, 3, 40, '2017-01-19 00:21:54', '2017-01-19 00:21:54'),
(654, 'Cameo', '0373', NULL, '#d4a680', NULL, NULL, 3, 37, '2017-01-19 00:22:23', '2017-01-19 00:22:23'),
(655, 'Crayon Green', '2430', NULL, '#d0eadb', NULL, NULL, 3, 40, '2017-01-19 00:22:38', '2017-01-19 00:22:38'),
(656, 'Delta Green', '2410', NULL, '#b5dcee', NULL, NULL, 3, 40, '2017-01-19 00:23:16', '2017-01-19 00:23:16'),
(657, 'Ocean Turquoise', '2500', NULL, '#6eb3cf', NULL, NULL, 3, 40, '2017-01-19 00:24:03', '2017-01-19 00:24:03'),
(658, 'Mushroom', '0383', NULL, '#d5af83', NULL, NULL, 3, 37, '2017-01-19 00:24:24', '2017-01-19 00:24:24'),
(659, 'Forest Green', '2560', NULL, '#3d8a9e', NULL, NULL, 3, 40, '2017-01-19 00:25:08', '2017-01-19 00:25:08'),
(660, 'Signal Green', '2600', NULL, '#005496', NULL, NULL, 3, 40, '2017-01-19 00:25:48', '2017-01-19 00:25:48'),
(661, 'Tea Rose', '0414', NULL, '#c2b1ac', NULL, NULL, 3, 37, '2017-01-19 00:26:11', '2017-01-19 00:26:11'),
(662, 'Berger Blue', '1120', NULL, '#256681', NULL, NULL, 3, 40, '2017-01-19 00:26:27', '2017-01-19 00:26:27'),
(663, 'Cool Blue', '1550', NULL, '#17274e', NULL, NULL, 3, 40, '2017-01-19 00:27:13', '2017-01-19 00:27:13'),
(664, 'Sandstone', '5114', NULL, '#c8b9a4', NULL, NULL, 3, 37, '2017-01-19 00:27:29', '2017-01-19 00:27:29'),
(665, 'Copper', '0585', NULL, '#8f6d59', NULL, NULL, 3, 37, '2017-01-19 00:28:47', '2017-01-19 00:28:47');

-- --------------------------------------------------------

--
-- Table structure for table `sharings`
--

CREATE TABLE `sharings` (
  `id` int(10) UNSIGNED NOT NULL,
  `user_text` varchar(255) COLLATE utf8_unicode_ci DEFAULT NULL,
  `user_img` varchar(255) COLLATE utf8_unicode_ci DEFAULT NULL,
  `is_text` varchar(255) COLLATE utf8_unicode_ci NOT NULL,
  `is_image` varchar(255) COLLATE utf8_unicode_ci NOT NULL,
  `status` varchar(255) COLLATE utf8_unicode_ci NOT NULL,
  `user_id` int(10) UNSIGNED DEFAULT NULL,
  `created_at` timestamp NULL DEFAULT NULL,
  `updated_at` timestamp NULL DEFAULT NULL
) ENGINE=InnoDB DEFAULT CHARSET=utf8 COLLATE=utf8_unicode_ci;

-- --------------------------------------------------------

--
-- Table structure for table `users`
--

CREATE TABLE `users` (
  `id` int(10) UNSIGNED NOT NULL,
  `name` varchar(255) COLLATE utf8_unicode_ci NOT NULL,
  `email` varchar(255) COLLATE utf8_unicode_ci NOT NULL,
  `password` varchar(255) COLLATE utf8_unicode_ci NOT NULL,
  `remember_token` varchar(100) COLLATE utf8_unicode_ci DEFAULT NULL,
  `created_at` timestamp NULL DEFAULT NULL,
  `updated_at` timestamp NULL DEFAULT NULL,
  `mobile_number` varchar(255) COLLATE utf8_unicode_ci NOT NULL,
  `company` varchar(255) COLLATE utf8_unicode_ci DEFAULT NULL,
  `city` varchar(255) COLLATE utf8_unicode_ci NOT NULL,
  `state` varchar(255) COLLATE utf8_unicode_ci NOT NULL,
  `address` varchar(255) COLLATE utf8_unicode_ci NOT NULL
) ENGINE=InnoDB DEFAULT CHARSET=utf8 COLLATE=utf8_unicode_ci;

--
-- Dumping data for table `users`
--

INSERT INTO `users` (`id`, `name`, `email`, `password`, `remember_token`, `created_at`, `updated_at`, `mobile_number`, `company`, `city`, `state`, `address`) VALUES
(1, 'Adnan Sarwar', 'adnan@gmail.com', '$2y$10$eLrOypXztBygaz08ucGq4eMczna9T/F9WXeoJmZYgKyrC9Eme3mpW', NULL, '2017-01-17 02:11:42', '2017-01-17 02:11:42', '03334654835', 'brosol', 'lahore', 'punjab', 'testjsjsj'),
(2, 'IcI dulux', 'info@icidulux.com.pk', '$2y$10$eLrOypXztBygaz08ucGq4eMczna9T/F9WXeoJmZYgKyrC9Eme3mpW', NULL, NULL, NULL, '080038589', 'ICIdulex', 'lahore', 'punjab', 'lahore'),
(3, 'Berger Paints', 'info@bergerpaints.com', '$2y$10$eLrOypXztBygaz08ucGq4eMczna9T/F9WXeoJmZYgKyrC9Eme3mpW', NULL, NULL, NULL, '042111237437', 'Berger Paints', 'lahore', 'lahore', 'lahore'),
(4, 'Nippon Paints', 'info@nipponpaints.com', '$2y$10$eLrOypXztBygaz08ucGq4eMczna9T/F9WXeoJmZYgKyrC9Eme3mpW', NULL, NULL, NULL, '04235694738', 'Nippon Paints', 'lahore', 'punjab', 'lahore'),
(5, 'Jotun Paints', 'info@jotunpaints.com', '$2y$10$eLrOypXztBygaz08ucGq4eMczna9T/F9WXeoJmZYgKyrC9Eme3mpW', NULL, NULL, NULL, '04232560417', 'jotun', 'lahore', 'punjab', 'lahore'),
(6, 'Brolac Paints', 'info@brolacpaints.com', '$2y$10$eLrOypXztBygaz08ucGq4eMczna9T/F9WXeoJmZYgKyrC9Eme3mpW', NULL, NULL, NULL, '04235965530', 'Brolac Paints', 'lahore', 'punjab', 'lahore'),
(7, 'Brighto Paints', 'info@brightopaints.com', '$2y$10$eLrOypXztBygaz08ucGq4eMczna9T/F9WXeoJmZYgKyrC9Eme3mpW', NULL, NULL, NULL, '04235323283', 'Brighto Paints', 'lahore', 'punjab', 'lahore '),
(8, 'Master Paints', 'info@masterpaints.com', '$2y$10$eLrOypXztBygaz08ucGq4eMczna9T/F9WXeoJmZYgKyrC9Eme3mpW', NULL, NULL, NULL, '0423654927', 'Master', 'lahore', 'punjab', 'lahore'),
(9, 'Diamond Paints', 'info@diamondpaints.com', '$2y$10$eLrOypXztBygaz08ucGq4eMczna9T/F9WXeoJmZYgKyrC9Eme3mpW', NULL, NULL, NULL, '042111265677', 'Diamond Paints', 'lahore', 'punjab', 'lahore');

--
-- Indexes for dumped tables
--

--
-- Indexes for table `brands`
--
ALTER TABLE `brands`
  ADD PRIMARY KEY (`id`);

--
-- Indexes for table `company`
--
ALTER TABLE `company`
  ADD PRIMARY KEY (`id`),
  ADD KEY `company_company_brand_id_foreign` (`company_brand_id`),
  ADD KEY `company_user_id_foreign` (`user_id`);

--
-- Indexes for table `migrations`
--
ALTER TABLE `migrations`
  ADD PRIMARY KEY (`id`);

--
-- Indexes for table `orders`
--
ALTER TABLE `orders`
  ADD PRIMARY KEY (`id`),
  ADD KEY `orders_brand_id_foreign` (`brand_id`),
  ADD KEY `orders_product_id_foreign` (`product_id`),
  ADD KEY `orders_shade_id_foreign` (`shade_id`),
  ADD KEY `orders_user_id_foreign` (`user_id`);

--
-- Indexes for table `pakinges`
--
ALTER TABLE `pakinges`
  ADD PRIMARY KEY (`id`),
  ADD KEY `pakinges_brand_id_foreign` (`brand_id`),
  ADD KEY `pakinges_product_id_foreign` (`product_id`),
  ADD KEY `pakinges_shade_id_foreign` (`shade_id`);

--
-- Indexes for table `password_resets`
--
ALTER TABLE `password_resets`
  ADD KEY `password_resets_email_index` (`email`),
  ADD KEY `password_resets_token_index` (`token`);

--
-- Indexes for table `products`
--
ALTER TABLE `products`
  ADD PRIMARY KEY (`id`),
  ADD KEY `products_brand_id_foreign` (`brand_id`);

--
-- Indexes for table `services_query`
--
ALTER TABLE `services_query`
  ADD PRIMARY KEY (`id`);

--
-- Indexes for table `shades`
--
ALTER TABLE `shades`
  ADD PRIMARY KEY (`id`),
  ADD KEY `shades_brand_id_foreign` (`brand_id`),
  ADD KEY `shades_product_id_foreign` (`product_id`);

--
-- Indexes for table `sharings`
--
ALTER TABLE `sharings`
  ADD PRIMARY KEY (`id`),
  ADD KEY `sharings_user_id_foreign` (`user_id`);

--
-- Indexes for table `users`
--
ALTER TABLE `users`
  ADD PRIMARY KEY (`id`),
  ADD UNIQUE KEY `users_email_unique` (`email`);

--
-- AUTO_INCREMENT for dumped tables
--

--
-- AUTO_INCREMENT for table `brands`
--
ALTER TABLE `brands`
  MODIFY `id` int(10) UNSIGNED NOT NULL AUTO_INCREMENT, AUTO_INCREMENT=11;
--
-- AUTO_INCREMENT for table `company`
--
ALTER TABLE `company`
  MODIFY `id` int(10) UNSIGNED NOT NULL AUTO_INCREMENT, AUTO_INCREMENT=9;
--
-- AUTO_INCREMENT for table `migrations`
--
ALTER TABLE `migrations`
  MODIFY `id` int(10) UNSIGNED NOT NULL AUTO_INCREMENT, AUTO_INCREMENT=12;
--
-- AUTO_INCREMENT for table `orders`
--
ALTER TABLE `orders`
  MODIFY `id` int(10) UNSIGNED NOT NULL AUTO_INCREMENT;
--
-- AUTO_INCREMENT for table `pakinges`
--
ALTER TABLE `pakinges`
  MODIFY `id` int(10) UNSIGNED NOT NULL AUTO_INCREMENT, AUTO_INCREMENT=1270;
--
-- AUTO_INCREMENT for table `products`
--
ALTER TABLE `products`
  MODIFY `id` int(10) UNSIGNED NOT NULL AUTO_INCREMENT, AUTO_INCREMENT=61;
--
-- AUTO_INCREMENT for table `services_query`
--
ALTER TABLE `services_query`
  MODIFY `id` int(10) UNSIGNED NOT NULL AUTO_INCREMENT;
--
-- AUTO_INCREMENT for table `shades`
--
ALTER TABLE `shades`
  MODIFY `id` int(10) UNSIGNED NOT NULL AUTO_INCREMENT, AUTO_INCREMENT=666;
--
-- AUTO_INCREMENT for table `sharings`
--
ALTER TABLE `sharings`
  MODIFY `id` int(10) UNSIGNED NOT NULL AUTO_INCREMENT;
--
-- AUTO_INCREMENT for table `users`
--
ALTER TABLE `users`
  MODIFY `id` int(10) UNSIGNED NOT NULL AUTO_INCREMENT, AUTO_INCREMENT=10;
--
-- Constraints for dumped tables
--

--
-- Constraints for table `company`
--
ALTER TABLE `company`
  ADD CONSTRAINT `company_company_brand_id_foreign` FOREIGN KEY (`company_brand_id`) REFERENCES `brands` (`id`),
  ADD CONSTRAINT `company_user_id_foreign` FOREIGN KEY (`user_id`) REFERENCES `users` (`id`);

--
-- Constraints for table `orders`
--
ALTER TABLE `orders`
  ADD CONSTRAINT `orders_brand_id_foreign` FOREIGN KEY (`brand_id`) REFERENCES `brands` (`id`),
  ADD CONSTRAINT `orders_product_id_foreign` FOREIGN KEY (`product_id`) REFERENCES `products` (`id`),
  ADD CONSTRAINT `orders_shade_id_foreign` FOREIGN KEY (`shade_id`) REFERENCES `shades` (`id`),
  ADD CONSTRAINT `orders_user_id_foreign` FOREIGN KEY (`user_id`) REFERENCES `users` (`id`);

--
-- Constraints for table `pakinges`
--
ALTER TABLE `pakinges`
  ADD CONSTRAINT `pakinges_brand_id_foreign` FOREIGN KEY (`brand_id`) REFERENCES `brands` (`id`),
  ADD CONSTRAINT `pakinges_product_id_foreign` FOREIGN KEY (`product_id`) REFERENCES `products` (`id`),
  ADD CONSTRAINT `pakinges_shade_id_foreign` FOREIGN KEY (`shade_id`) REFERENCES `shades` (`id`);

--
-- Constraints for table `products`
--
ALTER TABLE `products`
  ADD CONSTRAINT `products_brand_id_foreign` FOREIGN KEY (`brand_id`) REFERENCES `brands` (`id`);

--
-- Constraints for table `shades`
--
ALTER TABLE `shades`
  ADD CONSTRAINT `shades_brand_id_foreign` FOREIGN KEY (`brand_id`) REFERENCES `brands` (`id`),
  ADD CONSTRAINT `shades_product_id_foreign` FOREIGN KEY (`product_id`) REFERENCES `products` (`id`);

--
-- Constraints for table `sharings`
--
ALTER TABLE `sharings`
  ADD CONSTRAINT `sharings_user_id_foreign` FOREIGN KEY (`user_id`) REFERENCES `users` (`id`);

/*!40101 SET CHARACTER_SET_CLIENT=@OLD_CHARACTER_SET_CLIENT */;
/*!40101 SET CHARACTER_SET_RESULTS=@OLD_CHARACTER_SET_RESULTS */;
/*!40101 SET COLLATION_CONNECTION=@OLD_COLLATION_CONNECTION */;
